Username;Comment;Target;Label
janisary_archery;Cino kui;['None'];
nyimasweninggalih;Cinta itu ya tunjukkan bukan hanya dipendam mencintai yg dilakukan Rosululloh itu sunnah wajarlah bila umat muslim melakukannya melarangnya berarti melanggar HAM;['None'];
uchiha.itachi05;Cinta kolam;['None'];
hj.ratnawatimisran;Cinta lingkungan pakelah besek dan lain nya dr bambu;['None'];
diann.17;Cinta saya untuk rakyat Papua Semoga tanah air Kita merdeka Dari penguasa yg dzalim;['None'];
adi_febri19;Cipit;['None'];
abdilah544;Coba Laporkan ke MK Pasti dibilang Hoak;['None'];
asandyta;Coba brp menit itu;['None'];
bagus_surya_putra;Coba depan gw ngomong gitu langsung gw beri;['None'];
idhaadha178;Coba di bunuh saja cina tak taudiri ini;['None'];
big_danny73;Coba diaudit tuh rekening ketuanya;['None'];
nikuctciiuu;Coba kalau ketemu d malang awas yaa greget ni;['None'];
m.nur4770;Coba kalo itu bendera tauhid yg dikibarkan pasti perlakuannya beda dituduh radikal lah anti Pancasila lah dll;['None'];
peci_merah212;Coba lu ngusik gubernur gue ape lagi sampe mau lu turunin gue anak Betawi bersumpah ga tinggal diem buat ngelibas elu bong Kalo emang elu ga nyaman tinggal di tanah Betawi elu minggat aje bong dari kampung gue;['None'];
ata.3509;Coba minta tolong pak joko;['None'];
mr._vicky051089;Coba pindah nya itu ke Papua sekalian;['None'];
izradrummer;Coba si Yakult debat terbuka sama Dr Zakir Naik Pengen liat siapa yg kalah argumen nya;['None'];
nirmalasari87;Coba tag orangnya nih yg tau biar hukum sosial yg berjalan klo viral psikisnya yg keganggu semuakan jadinya di tmpt kerja di lingkungan di keluarga itu hukum yg dahsyat bakalan diterima dia buat pelajaran;['None'];
sonny.gantira;Coba tanya siapa yang SURUH;['None'];
leukemia_survivor_;Coba up ke N_Target yuk yang setuju Bakalan lolos gak;['hotmanparisofficial'];
_m45_1nun9_;Cobah duluh ah;['None'];
queenmumuu_;Cobak pas tangan keluar jendela mobil trus kena petir Huft;['None'];
chapther2;Cocok Di rebus aja;['None'];
rifqy80;Cocok cocok;['None'];
nurul291;Cocok itu kalo bisa di bunuh aja biar berkurang pengikut dajjal;['None'];
ennie_pr;Cocok jadi pemimpin negara Aamiin;['None'];
san_2661;Cocok jadi pemimpin negara ora plonga plongo;['None'];
wlena0130;Cocoknya dimatiin ato d usir dari Indonesia;['None'];
irvan.shannen;Cocoknya jadi Presiden;['None'];
srihidayatibintangbulan;Cocoknya lehernya dikasih rantai dan mulutnya sumpel taik seperti makhluk yg diucapkannya;['None'];
henidlheni;Cocoknya manusia ini dibuaang memandang buaya;['None'];
yudiw8266;Cocoknya nyanyi dangdut aja jgn kasih ceramah;['None'];
zuzu_usaharumahan;Cocol cabe rawit ae hikhikhik;['None'];
aburijalkomar;Cocotmu Gus;['None'];
ahmesabieza1994;Cocotnya mirip mantan gubernur yang suka ngomong tai pas lagi live;['None'];
ismailsuniismailsuni;Contoh langsung rakyat tdk suka;['None'];
irvahs;Cool keren;['None'];
axcel_zee;Copot aja yg kayak gini ujung nya minta maaf kek barcon;['None'];
yayang973;Copot gubernur papua;['None'];
pio_poy;Crazy;['None'];
skoloasky33;Cucok bangetttt;['None'];
ocha_sinaga912;Cueehhhhh;['None'];
ocha_sinaga912;Cueehhhhh Jangan kau meludah ke atas langitt jeff Karna ludah mu akan jatuh tepattt di mukkkakk muh KASIANNN NANGIS LAHH NAKK;['None'];
jabidi.jab20;Culik aja;['None'];
ardiwibowobowo;Cuma beda istilah;['None'];
pandianidody;Cuma bisa bilang O;['None'];
putra_banned;Cuma bisa ngakak ana;['None'];
smlxl_;Cuma china yg hidup di indonesia yg pd belagu Sama pribumi hidup udah numpang di tanah pribumi se enak nya melecehkan pribumi itu sebab nya gw kalau ama china Indonesia kgk ada respect nya ke mereka;['None'];
arwino_whizz;Cuma kata PERCEPAT KEMATIANNYA;['None'];
yantihayati434gm;Cuman bentuk nya to ngk ok;['None'];
makhe.ra84;Cunguk begini makin berani dijaman kodok;['None'];
firdsoul;Curang banci;['None'];
gats.kurniawan;Curcol diri sendiri;['None'];
kk_prabu_d5;Cwcebz emang dongo akut;['None'];
astinamauly_thalib;DAN;['None'];
saki_azi;DEAL AYOOO SEGERA BUKA BANK NYA YA;['None'];
thiny_sweet;DEMO BAYARAN Aiiiih;['None'];
esel_skriver;DO NOTHING STOP BOASTING;['None'];
heny.diani26;DRAMANYA GREGET;['None'];
kipo.po;DUA DUANYA KEK BOCAH NJIR AOWKAOWK;['None'];
jodha717;Dada q ikut deg deg ser semangat gitu rasa nya pngen ikut triak;['None'];
alloykoplax2501;Daerah lain akan menyusul sepertinya JOSSS;['None'];
alipsusanto224;Daerah pelosok justru berterima kasih sm pedagang bensin eceran soalnya ga ada pom bensin trus pejabat beraninya sm wong cilik;['None'];
yudi_s;Dagelan;['None'];
ali.maskon;Dah biarin Biar yang nulis aj yg tidur dlm sehari jam Bengep tuh mata;['None'];
alamsyah_nail;Dah matiin aj si sipit;['None'];
ririen_urra_ayhu;Dah smpe ubanan blm kelar jg niiih;['None'];
irvahs;Dahsyat;['None'];
antorezappgmail;Dahsyat gubernur DKI Jakarta pak Anies luar biasa;['None'];
hariandies;Dajjal;['None'];
dianrissing;Dajjal laknatulloh;['None'];
restianrahman;Dalam bgt kata nya josss;['None'];
budi.hartono_;Dalam mobil sedan hitam yg melambaikan tangan di iringin polisi itu siapa ya;['None'];
ahmad0809_gw;Dalem Min ntar ada yg kesinggung lho Min;['None'];
syaiful_lum;Dalilnya bukan urusan saya;['None'];
aqila_clothing;Dalm waktu dekat akn ada bencana untuk Indonesia Mri kita berdoa dn mndektkn dri pada tuhan yg mha esa;['None'];
mas_bud_1928;Dan cebong tetap lah cebong kebodohan diri sendiri terus di tonjolkan;['None'];
tatitw;Dan kalah;['None'];
julian_isham;Dan swasta tsb ndak bukan lain org org dia;['None'];
kenkimhadi88;Dan yang turun adalah harga aset negara semua dijual obral ke cina;['None'];
ristcraft_decoupage;Dangkal;['None'];
dedeleliyanasari;Darahnya halal Perusak generasi;['None'];
buhanbanua;Dari awal aku dah gak suka sama kopi pahit;['None'];
pengkisuwito;Dari awal lihat dan viral di media saat ketika ceramah di klub malam saya sdh gak yakin sama tu orang;['None'];
divaraniarania;Dari dia msh walikota solo saya sdh eneg sama orang ini Dan manusia yg menyanjungkan sungguh lebay;['None'];
achonk1468;Dari negri ini min;['None'];
alfinamahadewi11;Dari pada share hoax lama dan masih nebar benih kebencian sana sini mending urusin Losestreaknya wowo min;['None'];
yudhicom;Darurat;['None'];
agus.purwantoggf;Dasar Bani sipit;['None'];
panji_panglimajihad_umika;Dasar TOGOG bin BOTOL;['None'];
sheniisandyshenii;Dasar TOGOG kalo ngomong kgk d ayak dulu;['None'];
lilonaldo;Dasar anjing Emosi sm si kontol itu Mudah an saya msh hidup prmbantaian manusia sprti ini;['None'];
egifv;Dasar banci;['None'];
zainiarya75;Dasar bangsa togok tolol goblok;['None'];
bnthedoctor;Dasar cina;['None'];
ayuwardani2769;Dasar cina anjing makin buat benci aja sm cina cina kurang ajar ni kalau ketemu sm orang kayak gitu ludahin aja mukanya kayak dia yg punya negara ini;['None'];
ayi_za76;Dasar cina loleng makan babi mukanya rasa mau ku tonjok;['None'];
roni.rachmansyah;Dasar fa ngomong kasar satpam malah diam bukan nolongin;['None'];
andre_pradi02;Dasar jelema gelo;['None'];
aldi_0342;Dasar lu china monyet gk sadar dirilu sekarang lu tinggal dimana Lebih org pribumi dari pada lu goblok;['None'];
rianidarwis;Dasar lu sipanjang hidung ngomong sok pinter ga tau gimn kerja keras anis sampe dipuji oleh negara luar;['None'];
riko_rosi;Dasar manusia tak tau dirii anda cuman numpang idup dinegara kami dasar setan;['None'];
ullah.abdi_inst;Dasar monyet;['None'];
aangsaputra78;Dasar orng kafir g bakal puas menginjak kepala kita sampe mereka ajal;['None'];
sayid_mhmmd;Dasar pemindhan keadilan dan pemerataan ekonomi nanti hbis dr Kalimantan pindah Sulewesi terus Irian jaya sumatera biar Adil dan rata;['None'];
nurulfebriyanni_maulana;Dasar tolol;['None'];
andromeda_clothing_;Dateng ke sumatera barat min Masih banyak pemandangan begini;['None'];
faizalfariji89;Debat ama pak jokowi;['None'];
achmadcharismundziri3i;Debat gk pake kajian rumangsane gampang po;['None'];
zamroni_rowie;Debatnya apa terbuka untuk umum min;['None'];
zuzu_usaharumahan;Demen banget gue min;['None'];
rizalrichi;Demi Allah tabarakallah Allah tabarakallah sebaik baik pembalasan tipu daya mereka;['None'];
faqir212;Demo apa ya min;['None'];
nst.al.sandi_irsan;Demo apaan nih;['None'];
_lexnst;Demo ttg apa g jls;['None'];
purwadipurwa759;Democrazy yahudi zionis punya;['None'];
danangprestiawan;Dengan Matrai urusan kelar Hadeehhhh;['None'];
tegyfirmansyah;Dengar Keluhan Rakyat N_Target N_Target;['jokowi', 'dedikusumawijaya'];
tegyfirmansyah;Dengarkan Ini rakyatmu N_Target N_Target;['jokowi', 'tatang'];
oeisherlly;Denger tuh para pembantu presiden bisikan ke kuping ndoro biar denger klu gk denger beliiin korek kuping;['None'];
aji_nurpijal;Dengerin tuh;['None'];
enginering_die;Dengki tanda tak iman dan mampu;['None'];
1001rasa1;Depan gw pasti masuk tong sampah tuh sipit;['None'];
mohamad_irwansyah02;Depan gw sini ngomong begitu;['None'];
zainal_al_batawie;Depan panggung orkes dangdut ye;['None'];
ita6323;Di Indonesia malah ada yg benci sama arab dan keturunannya padahal dia islam;['None'];
slumkd0nk;Di Indonesia warga keturunan China bebas masang simbol aksara china;['None'];
iqbalaw5_;Di Medan orang kayak gini biasanya mati nya cepat loh sekali kali suruh ke medan;['None'];
epi_supriyadi;Di TV ga ada ya;['None'];
denisetiaaji;Di TV inggris muncul Sebagai warganya bangga;['None'];
cyber_badar_army;Di YouTube judulnya apa sis N_Target;['nenden_ifanaly'];
raahidayah;Di aceh daerah mibo sampai sekarang masih ada spaduk kemenangan prabowo sebagai presiden besar pulak tu bangga kami bersama prabowo;['None'];
akbaradi18;Di ajakin duel bisa kali nih orang Eh orang Si anjing deng;['None'];
andyarta_yaz;Di balsem mungkin cocok buat dia;['None'];
cahoy_apparel13;Di bandung iraha euy cc N_Target;['ridwankamil'];
rafi___al___khadafi;Di bikin meme lucu nih pas waktu terakhir pas bilang kenapa gua edit seburan api wkwk;['None'];
nur_cholis71;Di blur aja dong foto nya biar kami merasa penasaran gitu min;['None'];
decosemon;Di daerah sya ada SPBU itu pling dekat perjalanan naik motor itu sekitar jam lebih itu ngebut Adanya pertamini itu sangat membantu meskipun harganya lbh mahal jd rb tp y wajar Dri pada mesti ke SPBU jauh cuma buat beli bensin liter Ini cara berpikir pertamina gimana Emang siapa yg dirugikan Klo gitu rakyat bisa nuntut balik pertamina krn tdk bangun SPBU di setiap desa sehingga menyulitkan rakyat yg butuh BBM;['None'];
bungabesi99;Di doakan ulama bisa beneran mati lu bro hadeh;['None'];
alquswa__;Di fakultas teknik masih banyak;['None'];
diandedy_gusaddinbatik;Di fatehah i ben ndang budal neng neroko;['None'];
muh_arvi_an_najim;Di fly over jl Kota casablanca jkrta timur sudah di kibar kan tuh N_Target Ngeri ngeri sedap ngeliat nya juga merah merah gimana gituh;['nenden_ifanaly'];
atap_gedek02;Di jadikan KAMBING HITAM lagi;['None'];
jimotj;Di kebiri aja mulut nya min;['None'];
dee_dee6407;Di komplek paspampres kalah suara;['None'];
ozbink;Di mah gk bgtu klo blm rmh sawah harta blm tercapai kayak blm mau tuh walaupun mati bergelmpang dosa pun mati tak mau;['None'];
daffarahmanhakim;Di mana rumahnya gw pengen ajak perang;['None'];
jhokers_;Di negara lain presiden pusing mikirin rakyat nya di negara rakyat yang pusing mikirin presiden nya;['None'];
buburgorengdjamins;Di negara tailen ada loh orang dungu;['None'];
b.i.p_project;Di negeri dongeng inilah ada kaum yg semskin di depan;['None'];
khalilbadawi3;Di persekusi aj tu kakak;['None'];
heri.nugroho.7528;Di proses polisi gak ya Eh tunggu karena dia anggota grop onoh kemungkinan tidak diproses dah Mosok jeruk makan jeruk;['None'];
vie_luvie;Di rebus aja Habis itu buang ke sungai biar di makanih ma tuh cebong;['None'];
tahirselly494;Di rezim ini gk yakin bakal diproses kan memang maunya rakyat sengsara jdi klo ada pejabat yg jujur dan memihak rakyat rezim jdi kepanasan;['None'];
zikri_maulan;Di saat suara pemilihan rakyat dapat di tipu dan di buat buat oleh media dan antek antek rezimnya tapi di saat para massa aksi papua sudah merasa tidak nyaman lagi bersama Indonesia dan ketidak mampuan dan tidak kompeten nya pemerintah dalam mengurus hal tersebut media dan antek antek rezimnya lebih memilih diam karena hal tersebut tidak dapat di tipu dan di buat buat Bukannya kemaren suara orang papua memilih bapak jokowi belum juga menjabat presiden periode udah kagak di urusin para pendukungnya itu Hedeh;['None'];
rhizkybhule;Di serba mahal di zaman ini bukan nya maju Eh malah mengecawakan Klw xga becus jangan maksa jae kasian rakyat kecil;['None'];
aboeyendra;Di sesuaikan dengan jumlah utang negara yg menjadi beban rakyat;['None'];
fc279182017;Di sesuaikan dgn beban hutang kali;['None'];
subandonoady;Di sini saya merasa bingung;['None'];
sahril_akbar28;Di tempat saya panti pijet aman aman ajah mungkin aparatnya pura pura tidur apa;['None'];
ummiyasmi;Di tunggu video permintaan maaf nya;['None'];
kireichalista07;Dia bilang sngt mencintai israel dia g nyadar apa kalo semua orang diluar bangsa yahudi disebut goyyim dan boleh dibunuh;['None'];
yenny2262;Dia emang benar kok yg mimpin do a bukan RIJIK Tapi Habib Riziek Sihab habibana diemin aja biar banyak menabur dosa dan tidak akan dapat syafaat dr Nabi Muhammad;['None'];
dandanin_aja;Dia gak akan denger suara rakyat;['None'];
ansyarinusli;Dia itu laki anjing mau di ladeni anjing mana ngerti adab manusia dia kan hewan;['None'];
aldie_perdana;Dia mah begitu orangnya;['None'];
satjadipoera;Dia pribumi;['None'];
warawirikuliner;Dia punya ilmu yang membatu rakyat eeeee malah di anggap merugikan aduuuu selamat datang di negara antah lahhhhhh;['None'];
hengkysupit;Dia sendiri aja gak ngerti sama diomonginnya apalg kita Kaum bani jo___i mmng bodoh akut;['None'];
hadisofwan89;Dia sih santuy aj meskipun indonesia Dijajah lagi paling jawabnya itu bukan urusan saya tanyakan ke menteri pertahanan;['None'];
zizijalah;Dia sudah dilirik dunia;['None'];
sallahudin_;Dia udah terpilih loh tinggal nunggu di lantik ajaaa wkwkwkakak;['None'];
rizki_farrel;Dia udh di lindungin si jae jdi bebas mau ngpain aja jika si sipit di tangkap hbis lah si jae kna omelinin si aseng aseng;['None'];
toro_himawanbintoro;Dia yg anjing sebenarnya berani sama perempuannn;['None'];
bamzwidodo;Dia yg berbuat dia pula yg kecewa;['None'];
tomiakasah;Diantaranya Ada Cebong yg lg pada sekarat makan tu janji;['None'];
najiyahsol;Diatas ring lah kalo lu laki;['None'];
julian_isham;Dibawah jokowi kebal hukum pasti;['None'];
da_syam;Didikan cebong nih;['None'];
fendyarmansah;Die mah bisa nya pake helm doank;['None'];
adityonugroho74;Diemin aja dulu;['None'];
bamelldp;Dih kalo gue mah lsng bagi aja udah;['None'];
linnydharma;Diiih sebegitu amat yaa Menyedihkan yaah beginiah pemerintah kita yg pro rakyat;['None'];
dik_diiik;Dijamjn Halal;['None'];
abuandarsyah_89;Dikadalin tk tipu;['None'];
abdulloheges;Dikarenakan rakyatnya yg bodoh dengan iming iming mau aja giliran sudah terjadi baru ngeluh mikir dulu makanya Percuma kita demo dia aja gak anggap tinggal tunggu mati nya aja si mukudi insya Alloh saya gak meleset ni gak bakalan di terima di dunia akhirat lihat saja saat prmakamam Wallahu alam;['None'];
candrakirana1073;Dikasih makan anjing aja deh min;['None'];
puji_sutomoo;Dikasih musibah bukan berbenah diri sendiri tp menyalah nyalahin satu sama lain astagfirullah;['None'];
choiriyatiumi;Dikebiri;['None'];
aziz_win;Dikorupsi tu;['None'];
_rikamulyani_;Dilaporkan mba;['None'];
lucekyluke;Dimana bang;['None'];
yanti0272;Dimana masalah di selesaikan pak bukan di tambah;['None'];
andre_pradi02;Dinaikkin juta jg gpp Kan negara ini punya wiwi cs Rakyat cuma utk sapi perah Ini baru Indonesia Raya;['None'];
mayang5582;Diperpanjang piceknya th lg;['None'];
ubadbadruddin89;Dirikan bank prabowo sandi;['None'];
surya_naomy86;Dirobek mulutnya pake gergaji;['None'];
halimatussadiyah_77;Disana byk hutan bakal di tebas semua gitu Ekosistem di sana gimana apa kaga mikir yah Efek dari semuanya itu;['None'];
datan_nasution;Disave aahhh buat anak cucu kelak;['None'];
hamba9472;Disebut ustadz tp dakwah nya ga pake hadits disebut pelawak tp koq ga lucu;['None'];
syahlanugrosh3;Disesuaikan DENGAN GAYA HIDUP LO;['None'];
al.rijal;Disesuaikan dengan hutang;['None'];
aank_bejho_buangets;Disesuaikan dengan pemaksaan;['None'];
hambabelumbaik;Disesuaikan dengan utang negara toh;['None'];
srilorikalita;Disesuaikan dg kebutuhan kenaikan gaji pejabat BPJS begitu ya;['None'];
yulia.bintorocorp;Disesuaikan dg penderitaan rakyat biar makin susah;['None'];
ar_zatha;Disesuaikan dg selera pejabat yg banyak ngutang alasan buat bangun Buat beli mobil dinas mewah helooowww kalian hai pejabat kerja untuk rakyat bukan rakyat jd perasan buat isi kantong kalian Klo ga ikhlas kerja untuk rakyat mending kalian turun Masih banyak anak bangsa yg lbh berkompeten;['None'];
senna_feb;Disesuaikan nya dgn cara dinaikan atau dturunkan Jgn lg bodohin rakyat ya bpk BPJS;['None'];
zulfikarharahap8;Disesuaikan opo udah mundur wae;['None'];
ayesharaheelba;Disgusting man;['None'];
makmur.muhammad;Disinggung aja marah apa lagi langsung di hujat Tamat dah;['None'];
zain_097;Disinilah jelas terlihat siapa orang munafik;['None'];
alief_julio;Disinilah people power d uji;['None'];
eldiosjagara;Ditalak ente jae ditalak;['None'];
agam_rizki;Ditangkepin semua aja dah nih;['None'];
ariezsuliez;Diterima gak yaaa ato hrus nunggu berapa nyawa lgi hrus melayang;['None'];
mahdalena_queencake;Ditunggu kabar baikx;['None'];
annathea1708;Dlu pemerintah Orba bgtu ketatnya memerangi antek komunisme tp skrng sprtinya sdh tdk lagi;['None'];
btk_business;Dm atau wa;['None'];
rw.syam;Dm harga kaka;['None'];
rwinkeren;Dobol jaran;['None'];
zayka_d24;Doktor micin mo ngrusak akidah ama moral Perkuat iman n ibadah kita agar ga termakan omongan perusak moral macam doktor sampah;['None'];
muhammadpandjitauhid;Doktor sampah anak SD aja tau;['None'];
4nn1exb45;Dr logatnya dia asli china sono;['None'];
heendiisurya;Dua Duanya;['None'];
novaaalll;Dua priode jadi gub jakarta dulu;['None'];
irvankurniawan4614;Dua propinsi syuhada;['None'];
yayukindahsyah;Dua sejoli disama si nunung ygsuka nyinyir pd bpk prabowo;['None'];
srimulyonoherlambang;Duch pak mendagri S HRS tentang Pancasila Ente ga setara dibanding Beliau soal Pancasila;['None'];
gilang_sydn;Duh coba ketemunya ma cowok abis tuh si ta k;['None'];
bobydrg;Duh duh duh;['None'];
ulfahandi;Duh gubernur ngomong bahasa inggris nya fasih amat gak pake A E A E gak pake Text;['None'];
hanbinlover4;Duh hayang seuri jadina maling maliing kasian deh loh;['None'];
yasin_khairulazhar;Duh pak MASYALLAH N_Target;['aniesbaswedan'];
bandar_oshkosh_bandung;Duh penasaran siapa nih org Pgn gw bawain anjing trus gw suruh ngentot;['None'];
asepdenny5;Duh saudaraku jangan berbuat begitu kasian bpk prabowo biarlah walau pahit terasa kita terima meskipun saya juga pendukung prabowo nanti ada lagi yg nuduh macam;['None'];
pingkabo6;Duh yg muda yg kemunduran Mundur era pak harto masih bagus di banding sekarang Apapun bullyan tetang beliau Bagi q beliau msh yg terbaik Selama gw hidup di era beliau tak pernah dengar kesulitan makan Sayur mayur melimpah ladang msh luas n subur skrng jadi beton semua;['None'];
bagusydstr1996;Duhh ngeliat sipit begini kelakuan begitu tangan gatel gapapa deh kena denda ribu yg penting berdarah;['None'];
christian.kosasih;Dukun;['None'];
vittanara;Dukung pak N_Target;['aniesbaswedan'];
_aziz0404;Dukung x kau ya lukman untuk LGBT atau jgn kau termasuk orng yg sukak homo seksual terhadap sesama jenis;['None'];
dheesatriya75;Dulu ada orang yg pidato di ntt dan sekarang jadi orang nmr satu di sana pernah pidato menjelekan agama islam dan mau membunuh orang islam tapi ga pernah di proses hukum;['None'];
yasmin.aziz751;Dunggu;['None'];
arifah.saja;Dungu;['None'];
sihirhujan;Dungu tapi pintar menipu orang;['None'];
ahmad0809_gw;Dungu yaa dungu aja sampai kapanpun akan selalu dungu terpilih karena curang yaa begini;['None'];
iwansetiawan2012;Dungu yg di perlihatkan;['None'];
carbonad_hydrographic;Dunia aj yg lo cari ingat mati nek;['None'];
poppy.magdalena;Dunia oh dunia;['None'];
rezzadwioct;Dunia terbalik;['None'];
thecutetortoise;Dusta itu berdosa lho min;['None'];
ema.milea;Duuuh kasian bner nih anak sama istrinya bgni kelakuan lakinya;['None'];
helentrisnawati;Dy nya sbuk mindahin ibukota miris mmg presiden kita ini;['None'];
budialwimeysrais;EGp katanya Wong edan lah;['None'];
cebihunter;EMANG CUMAN ORG YG NGGA MAU BERPIKIR YG MENGANGGAP HAL YG TERJADI BELAKANGAN DI NEGARA KITA INI ADALAH SEBUAH HAL YG BIASA DAN KEBETULAN NANTI KALO NEGARA BENER SUDAH DLM KEADAAN GENTING BARU TERLAMBAT NYARI SOLUSI;['None'];
mamadzikriperwira;EMANG ENAK;['None'];
nahdhofanee;EMANG KAUM MATA SIPIT KEBANYAKAN OTAKNYA TU TOLOL UDAH KEK PIPA RUCIKA TOLOLNYA MENGALIR SAMPAI JAUH;['None'];
aulsyalwa;EMANG NGAPAAA Mangap v;['None'];
mohana_clearesta;ENDONESAH;['None'];
hermanto.10;Ea gtkah makanya biar rakyat yg memilki konstitusi klo g gmn mo legitimet;['None'];
rit2712;Eaaa turuuuunnnnn togoogg;['None'];
mutmutyamut;Edannn;['None'];
puspaendah175;Ediann;['None'];
adef9876;Eeee anu apa iya apa What;['None'];
malik.sutan;Eeeeeeee;['None'];
loliland70;Eeehh ini org KNPA SIAPA;['None'];
achmad_masyhudi;Eenes bego kok diborong;['None'];
tomy_agian;Eeww Cina;['None'];
chandrahs514;Egp bkn presiden sy kok;['None'];
faridd.anang;Eh Biasanya Bang Anies ngomongnya pake teks kok tumben divideo ini lancar ya Kok tumben enggak ngomong ai don ting abot ded;['None'];
bluekuni88;Eh Hasil pemilu jg tengah malem takut dimarahin hahahaha ah saya lupa konjd ngomongin doi Astagfirullah maaf ya pemirsa suka sewot;['None'];
ihsanjaya.76;Eh lupa prof mahmud md mana neh;['None'];
jubelpurba;Eh satu lagi pak alat manusia untuk menciptakan karya yg paling indah adalh ANIS eh PENIS maaf salah;['None'];
dino_boys;Eh togog bijimane iki;['None'];
hanifmulyaq;Ehh cina kok mulai berkeras min didiemin kok ngelunjak tolong urus donk pak joko;['None'];
uncledonnn;Ehhh prabowo masih kalah;['None'];
sesamaulida;Elah Biasa ge bukn urusan saya So soan lw mah jae Bloon juga lw;['None'];
sri.kustiati72;Emak emak jg bisa komentar cuma dugaan;['None'];
yhouliq;Emang anak dan adik harus makin kenceng dikasi taunya nih alhamdulillah bocah yg divideo pinterr amat Jelasin;['None'];
rahmansae25;Emang basic sekolah dia apa;['None'];
haysia81;Emang bener itu suara mereka Ga jelas mimik mulutnya;['None'];
sulaiman_sastrodihadjo;Emang berani muncul di sini Jelasken dong N_Target yg lantang;['gusmiftah'];
adhyodha;Emang bukan rijik tapi habib rizik kan wkwkkw;['None'];
naifla_ae;Emang curang;['None'];
cherylaginta58;Emang da tambah kurang ajar sisipit brengsek;['None'];
al.firdausy;Emang dia goblock;['None'];
ranggaekbang;Emang enak ga d aku;['None'];
zakki_zackaria;Emang enak ga diakuin rakyat;['None'];
bahrudin5935;Emang enak nggak dapat simpati dari rakyat;['None'];
dee_widdi354;Emang ga ada lagi kecurangan di Indonesia Untuk jd presiden hompimpah ajaa;['None'];
asihlite;Emang hizbutvtahris sdh berbuat jahat apa atas Indonesia Korupsi Membunuh jenderal tni Kok Islam phobi bgt sihh Ini Bendera tauhid bkn milik hti saja;['None'];
wahyumurwanto;Emang israel csan ama yesus;['None'];
simon.jr82;Emang kaga di cari mak;['None'];
akanghari;Emang kalau ada pertamini pertamina bakalan rugi kan pertamini belinya dari pertamina juga;['None'];
indonesia1700945;Emang kekuasaan loe ibaratkan barang makanya jd calon abadi wkwkwkwkwkw otak kebalik kampret dungu;['None'];
panji_sujatmiko;Emang kelakuan ibu senang sekali dgn yg impor ya pak sampe baja kebutuhan pokok sampai tenaga kerja mereka impor;['None'];
warsiyati_23;Emang kenapa alasanya;['None'];
rusdyvaszka;Emang kenapaa Oo oaa aaa a;['None'];
dennygiella07;Emang kenapaaaa Ngeliat congornya pengen banget ngebalokin tuh bacotnya;['None'];
deversonpetrus;Emang kenapaaaaaa wkwkwkwk ngakak;['None'];
dadangnurjaelani;Emang makin rusak ya;['None'];
rahmatalhuseini;Emang mba negeri Jan cuaak;['None'];
kyokomayazi;Emang melecehkan apa klo blh tau;['None'];
ddartanto;Emang penyakit ada yg khusus transgender Bisa keputihan Dapet Hamil Lahiran Dagelan;['None'];
danikuta91;Emang presiden indonesia siapa ya;['None'];
hasmiceyenni;Emang siapa yg lewat;['None'];
mamahnnung;Emang tanpa bantuan Dia kita g ada pp nya o besar;['None'];
dewipolive;Emang tujuan nya memperkaya swasta pihak swasta nta punya siapa nyaa ntar punya tiongkok lagi;['None'];
w40ne_daeng_ajja;Ember min;['None'];
zaraazzale;Emg harusnya bukan dia yg d lantik Hadeeehhhhh;['None'];
amirwaexx;Emg kerjanya ts apa ya;['None'];
antanaqueker;Emm;['None'];
andani.kurniawan;Emng belagu banget pengen gua tampol rasanya;['None'];
muffftiii_;Emng kenapa v N_Target;['hartawan27'];
lunckylee;Empot empotan dahh akhirnya;['None'];
pipitnofitriy;Enak banget klo denger gaya bahasa bng rocky ngomong;['None'];
bukanakunjasman;Enak bgt tuh napi disitu dapet kajian ilmu yg istemewa secara khusus Ngiri ana;['None'];
xwebe;Enak di karungin orng macam begini;['None'];
alief365;Enak na tanya Jokowi;['None'];
homemade_byna;Enak nya di kubur hidup;['None'];
riyan_satriawan;Enaknya di gebukkin tu;['None'];
dot.corn;Enaknya di tonjok;['None'];
jaywahdah;Enek lihatnya;['None'];
ballemohh;Engga tau malu vangsat udah curang dadah lagi;['None'];
bram_budibiru;Enjiing ngentoot emaang napaaaahhh Pengen gw sumpel mulutnya pake kulit durian;['None'];
afrindahayu_12;Entah pake acara apa lg biar bs lolos;['None'];
faisal.al.malik;Entahlah negri apa ini;['None'];
nafirafel;Entut;['None'];
arif_efendi77;Era sorotannya cma buat minta hujan atau minta uang ya;['None'];
hermanto.10;Era terkini memahami hukum alam itu kejam gees jadi jangan ajari rakyat menjadi pengadilan jalanan karna hukum konstitusi itu bau kentut baunya di ruangan tertutup tp di ruang publik hukum laen lagi ceritanya;['None'];
atokmarta12;Ernes plongooooo;['None'];
arif_himawan92;Ernest botak si psi rasa pki yg otaknya jongkok;['None'];
barunawanaris;Error efek sering lihat lampu yg kelap kelip;['None'];
septiadi.chepy;Ett dah parah Masa gak diakuin sie Kasian hahahahha;['None'];
nenenga_alfiah;FITNAH BARU;['None'];
heendiisurya;FPI;['None'];
arum.fatimah.96;FPI AJJ YG NYARI;['None'];
lenaria6;FPI akan selalu di hati;['None'];
ozbink;FPI min Mn ada banserep kyk gtu yg ada malah dangdut an ma jgain gereja tuh;['None'];
elangbiru737;FPI selalu dihati;['None'];
supriatna2506;FPI slalu di hati;['None'];
fauzi_rahman77;Fack nich;['None'];
nyimasweninggalih;Fasik;['None'];
diahviranda_;Fff langsung back;['None'];
quenn.020;Fff u folback lngsung;['None'];
supri2725;Fh dan sandi;['None'];
diaasriani;Firaun mmg mintanya Di puja puji;['None'];
fatmagahinsya;Fitnah apalagi ini;['None'];
sholihint;Fitnah nya ngeri innalilahi wainailahirojiun;['None'];
mileshoover.sneaker;Follow akun kami ya Cari sepatu murah dan premium follow ig kami Mau tanya sepatu boleh admin ga galak kok kak Olshop trusted sejak Keren kakkk Semoga sukses kak Lancar rejeki kak Nice Follow ya kak di jamin ga rugi;['None'];
gummya08;For pleciden Ngimpiiiiiiiiiiiiiiiiiiiiiiiiiiiiiiiiiiiiiiiiiiiiiiiii;['None'];
al_muhammadani;Foto profilnya kyk selebgram gt ya;['None'];
rengganis.fashion;Fotonya bagus kak mampir cek ig kita yuk kak;['None'];
rosmalasyari.jabodetabek;Fotonya selalu menginspirasi;['None'];
faf4340;Fpi tidak pernah ada persualan dengan merika Tidak ada permasalahan antar saudara Hati ado domba loar;['None'];
ibnumunawir_abyharu;Framing busuk teruusss Media cebong;['None'];
ipung_ragil_mua;G ada tayang d Indo;['None'];
w_ekobaskoro;G o b l o k;['None'];
cahsubang65;G usah di videoin langsung masukin karung aja;['None'];
zhenabhas;GANYANG;['None'];
shaoguskar;GK bisa lah beh motivator vs provokator;['None'];
zahra.putri.azzalia03;GOBLOK ITU N_Target;['abdulwaarits'];
ari_ware;GUBERNUR RASA PRESIDEN;['None'];
pompymey;Ga;['None'];
rainbo129;Ga ada manusia yg mau dicurangin;['None'];
rina.aqiqahcenter.zc;Ga akan sedih sudah ga dipake hatinya;['None'];
nayfamamake;Ga bakal di proses ini mah;['None'];
mrioseptian;Ga bakal ditangkap nying Cebong kan keball hukum dan satu lagi mereka dungu nya kebangetan sampe ke tulang;['None'];
pennyhandss;Ga bisa ga bisa milih antara pak N_Target mas N_Target dan a N_Target mereka semua debest;['aniesbaswedan', 'agusyudhoyono', 'pashaungu_vm'];
zaqi7792;Ga boleh ngomong naik harga sekarang disesuaikan disesuaikan keinginan sese;['None'];
julian_isham;Ga diakui;['None'];
kusumaenda19;Ga gitu juga kali nertibin nya dan si gundul berbaju putih koq arogan sekali ya Preman yg dipelihara ini mah sok Juwana apa ga bisa dg cara yg lebih manusiawi ya bejat;['None'];
anggra.prasetia;Ga level sama anu anu;['None'];
widhiutariputrip;Ga malu kau ngomongin diri sendiri;['None'];
mrsmiitaa;Ga malu yaa;['None'];
rhaiu_nurul;Ga masuk akal dendanya yg koruptor trilyunan aja pd bebas kok ya x dah pake lah logika nya;['None'];
muhammad_agusdian;Ga paham sama kasusnya tahun itu keterlaluan;['None'];
febikurniawan_24;Ga pak tek lagi bangga bpak jdi presiden sama bpak prabowo;['None'];
korokoroki;Ga perlu revisi bakar dan lenyapkan saja semua file dan dokumennya Bikinlah desertasi tentang KORELASI OTAK KOSONG DAN LISAN NGIBUL dg subyek Boneka Partai Gampang n sangat didukung rakyat;['None'];
ndahrahmah;Ga sebanding bang dibanding hadiah jadi menteri Ebong mah cetek kan mikirnya;['None'];
retnosulis25;Ga shahhlah pengumuman ko di saat orang pada tidurrrrr;['None'];
ana.wijayanti.9634;Ga sukaaa;['None'];
hasan_dropnshop;Ga tau malu dia mahhh di gituin juga masih PD aja dengan muka desonya;['None'];
haris_faqoth;Ga usah makan yg penting hati ny dah makan;['None'];
ali_khadafii;Ga usah min biarkan saja jokowi untuk selama orang parati yang banteng mau nya jokowi untuk selaam jadi percuma pak aanies maju kalau masih curang kan kasian;['None'];
yohanirwana83;Ga usah ngomong dulu Lawan akan atur strategi Diem diem aja dulu tp nyata kerjanya;['None'];
makhe.ra84;Ga usah sayang buang duit palingan dicurangin lg;['None'];
alsandrayunus;Ga yakin;['None'];
senyap_hidup;Gaaaassssskeeeeeen;['None'];
yokopom74;Gaazz min yg bginian;['None'];
yahyasandoyo;Gabener gitu lho;['None'];
lelaelhamed;Gadong itu ap ya;['None'];
suryanisirega;Gagal besar Itupun cebong masih bangga Bego tapi keras Susah;['None'];
shufil_fuad;Gagal dilantik Emang sdh seharusnya Wkwkwkwkwk;['None'];
amad_valen;Gagal woi;['None'];
dianrisdianto68;Gagap jg berarti bukan berarti tak bisa mungkin kebiasaan yg tercipta sejak kecil krn besar di kelurga berada dng keluarga penuh kekurangan akan terbentuk karakter dan kebiasaan yg berbeda saya tak terlalu menganggap rendah kebiasaan pak Jokowi itu wajar dan yg terpenting Tindakannya Air beriak tanda tak dalam air tenang menghanyutkan;['None'];
ahmadcyberxtrime;Gagasan dan gagasan gk ada karyanya;['None'];
ajay_rizki_p;Gak;['None'];
titi.heryani;Gak Kelelahan ya seperti petugas KPPS yg banyak meninggal itu;['None'];
viral_terhits;Gak ada ngutang Lo Gaes N_Target;['viral_terhits'];
nina_rosyantimarzuki;Gak ada pengaruhnya lawan badai ngaciro;['None'];
wiwidoank;Gak ada wibawanya sama sekali;['None'];
boru3995;Gak ada yg gak mungkin kalau allaj berkehendak Setuju banget pak;['None'];
pejuang1313;Gak belajar dari kemal ataturk kali ya Yang matinya gak diterima bumi;['None'];
baddrussyamsi;Gak blas;['None'];
anugerah_decoration_bjm;Gak diakui rakyat zonk;['None'];
shopaholics.s;Gak ditangkepin itu semua masyarakatnya Kan biasanya kalau ada yang gak sependirian sama Jae langsung ditangkepin;['None'];
media_keadilan08;Gak enaknya Dapat Arisan karena curang apalagi curang yg kaya dia Inilah hasilnya;['None'];
rikoseptianton;Gak habis Fikir sama penghobi menembak hewan;['None'];
rikoseptianton;Gak heran;['None'];
rinaasondari;Gak manusiawi bgt sm org kecil;['None'];
rikoseptianton;Gak mau mendengar trus tau Dari mana masalah ya;['None'];
west_z25;Gak mau mundur itu bukn urusan ssya iya kan pak N_Target;['jokowi'];
haninung_eka;Gak pake pena cetk ya kan pak;['None'];
pejuang1313;Gak perlu Kalo bisa secepatnya Indonesia dah masuk jebakan hutang china;['None'];
ksd_0926;Gak perlu ditanya dan diragukan lagi itu Beliau itu jiwa kepemimpinan paling The Best tidak ngomong kerja kerja di publik mending diam kerja selesai kn hasilnya Nyata dan gk usah diragukan lagii saya pikir kalau capres kyk beliau langsung kalah telak kubu;['None'];
ainisurya8;Gak plangak plongok;['None'];
mrridha49;Gak respek kalau saja gak ketangkep pasti keterusan dia;['None'];
zaldizevano;Gak ribut gak asik;['None'];
maharani276;Gak tahu malu nih rezim super JAHAT;['None'];
tini.dar;Gak tau malu om;['None'];
faisal_ahcmad;Gak tau malu si cebi mah;['None'];
julian_isham;Gak tekejut kok;['None'];
ibrahimibal;Gak usah di goreng beginian kalo orang dalem nya masih itu itu aja ya pemimpin nya ya bakal dari kalangan mereka juga;['None'];
i_am_fandi;Gak usah ngelawan imam besar cukup lawan babe haikal aja Buat abu jahal ngaku ustad tp otak kaya maling jemuran kasian amat hidup ente di rundung kenistaan;['None'];
alfinamahadewi11;Gak usah nyinyir mulu ngehujat pemerintah min gunakan media sosial secara bijak bukan menghujat yang cuman asal cuap apasih kontribusi anda untuk negara apa cuman bisa nyinyir disosial media Jokowi sudah terpilih lagi support pemerintah agar indonesia lebih berjaya kembali bukan cuma nyinyir sana sini;['None'];
endik_winanto;Gak usah protes masih ada periode lagi bersama pak de;['None'];
jamurtlethongtlethong;Gak usah sok ngatain orang lain kafir saya juga muslim tapi tau adab juga sbgai seorang muslim;['None'];
agiz1710;Galak juga bapaknya shinchan;['None'];
taufiq135_;Galak ngelunjak dk e N_Target N_Target N_Target;['yudaramadhan29', 'buyung263', 'yudirmdhnn_'];
lalu_ahsan_kamil;Gampol aja mulutnya babi bangsat;['None'];
mboenganton;Ganja nya jangan lupa;['None'];
teddy_rasyid;Ganti harga;['None'];
ellot.fuad;Ganti harga itu namanya d seauaikan Emang org tiap hari sakit;['None'];
umahalattas;Ganti presiden saja dri of ganti benderanya;['None'];
rezky_alfarysi_;Gantung di monas;['None'];
atikaahmat;Gantung diri dipohon togek dah kl begini;['None'];
adam_brilliant;Ganyang cina;['None'];
madmbilung77;Ganyang pki;['None'];
media_keadilan08;Ganyang yg ky gini;['None'];
amysuchedy;Gaplok aja mulut si cebong gila tuh g punya malu berantem ma cewk cemen tailand emang;['None'];
albanirakaray12;Gara irang bikin negara Arab rusak aja tuh org;['None'];
adr14n46;Gara rezim Togog;['None'];
daudha_fidz;Gas;['None'];
aldynulana;Gas keun;['None'];
_rezaprsty;Gasskeun lah;['None'];
1q84_al;Gasspooll guuss;['None'];
arismanrais4;Gatot N sm Sandi;['None'];
herlindhahari;Gatot dan fahri hamzah;['None'];
lucky_strike490;Gatot wakilnya Anies atau sandi;['None'];
pm.diary;Gawat x;['None'];
by.arsatu;Gaya nya Orang kalau tdk punya ketulusan selalu mencari muka ditempat keramaian;['None'];
ju5tsh4re_0808;Gayanya wercok giliran dikejar pada gayanya wercok gikiran dilemparin batu pada lari tunggang langgang;['None'];
daengedi8;Gebugin biar kapok;['None'];
kutu_monyet_123;Gebukin aja kalau ketemu;['None'];
mardianahhasbiy768;Gebukin rame rame cina sialan;['None'];
wahyumurwanto;Gegara togog nih;['None'];
n.komara1816;Gelut jeung ainglah hey manusia koplak;['None'];
imamsupriyatman81;Gembel akut min;['None'];
azhary6226;Gemes bht liat pelaku;['None'];
rachmadridwan084;Gemes ncang mimin liat bacot tu orng;['None'];
abdillah_sng;Gerakkan di setiap daerah Terutama di Desa Jangan mau di bodohkan lagi masyarakat di desa;['None'];
budiono.suhud;Geret ikat trs buang ke laut org kaya gini gak punya adab alias PKI;['None'];
woelanz83;Gestur tubuh style bicara dgn segudang prestasi Proud tobe with u next President RI Bravo Pak Anies Baswedan;['None'];
heart.fan;Ghazwa e islam;['None'];
eribeyy;Gila;['None'];
yogyanwar;Gila cuman di negara pencuri punya kekuatan hukum;['None'];
dedi_tujuh_;Gila ini orang bikin emosional;['None'];
ajshwhe;Gila jabatan;['None'];
fitriyati354;Gila kekuasaan hasil curang;['None'];
sasridaaaa;Gila lo mau abisin ni indonesia;['None'];
trinawan_07;Gila yah yang berprestasi di tangkap bukan mendukung lumayan buat lapangan pekerjaan;['None'];
lisahutabarat;Gilaa;['None'];
noor_khaz;Gilak;['None'];
geazgeoz;Gile kampret jmlhnya cm segitu doang Rakyat drmn Tu orang mati semua aja gak ada yg menyesal kok Wkwkwkk ngaku rakyat;['None'];
rysuzzan_;Gileer bener para kampreter kalian hebatttt;['None'];
nilawati_salman_harun;Gimana anak pendukung apa sdh dibebaakan;['None'];
ambar.lestarii;Gimana ya nasib rakyat pemimpin kok begini;['None'];
hu.7251;Gimna menurut Kelian guys;['None'];
rosebenny_7420;Gimna ni Di buln Oktober kira siapa yg bakalan di lantik jadi presiden;['None'];
dewwe72;Gini bos setiap warga negara memiliki kedudukan yg sama di mata hukum yang salah harus di proses jangan disenggol dikit bicara ras lalu mejauh dari kesalahan bendera sebagai simbol negara adalah harga diri bangsa tapi di buang ke selokan masalah rasis itu bukan sebagai alasan untuk membela diri lalu meminta untuk merdeka kami meminta maaf pada warga Papua untuk tindakan rasis tapi tidak untuk tindakan pembuangan bendera;['None'];
fitri.andhi;Gini msh d bilang gk ada kecurangan hello apa kabar MK Mahkamah Kecurangan;['None'];
iamdotsky;Gini nih orang gk trima kekalahan ternyata sama kyk presidennya wkwkwkwk;['None'];
zetteline_0607;Gk ada yg lain;['None'];
hilmifathan;Gk ngaruh mau rakyat gmn jg buat yg udah ilang muka dan urat malunyamah;['None'];
daflennn;Gk punya hati tuh pol pp;['None'];
sinaga.enny;Gk saya mau yg presiden pak gatot nurmayanto wakil anis atau sandiaga;['None'];
zakysef;Gk singkron yg hoak yg mana nih;['None'];
yantienaufal;Gk tau malu ya lewatt gk di hargain;['None'];
resty_astia;Gk usah ngasih harapan palsu lah Udh gk percaya sama hukum mau bukti seabreg jg dianggap tiada guna apalah daya rakyat;['None'];
iin_dian2101;Gk usah nunggu ntr lg ganti presidennya klo gk bener tuuh;['None'];
ediefen4;Gmn kbr Papua bkr bendera;['None'];
bams_evant;Gobloganya keliatan libral sekuler gus gus ustad apa dukun kau ini;['None'];
delia_faradia;Goblok;['None'];
1428shreen_jasmineee;Goblok Otak dangkal yg di pertontonkan ini orang Bilang aja klo situ keturunan pki yg benci islam pake sok muter membenarkan pki lg;['None'];
chazziis260;Goblok dan Tolol Padahal dia lbh banyak PENCITRAAN DAM CARI MUKA D DEPAN PUBLIK DOANG;['None'];
adhieitem;Gokil bget bandung;['None'];
nanikmuspadma;Golput;['None'];
mila1582_h_afb;Good Spekeing English my Gubernur DKI Jakarta International Sir H Anis Baswda;['None'];
gee_brand_denim;Good job Mr Baswedan Misal mas Joko menit langsung ngacir Ahok mungkin akan lbh lama dr mas Joko tp yg kluar taik lu taik lu apakah begitu Zen;['None'];
elhami2;Good morning West Papua WHERE ARE YOU BANSER;['None'];
luff_vanderwich;Goodbener;['None'];
dhea_praban;Goodbener Indonesia;['None'];
oetdwi;Goodbener gw ni dimedan Ahooy pak N_Target semangat pak;['edy_Rahmayadi'];
r_sandreq;Goodbenur;['None'];
agungpra45070;Gorok;['None'];
dedi_riadi_;Gorong saja ditengokin kenapa gak tiap gardu listrik dibukain;['None'];
aisyahhar305;Gpp gus N_Target monalismin jg dari pada munafikun;['gusmiftah'];
iamdotsky;Gpp klo gk di lantik yg penting si kampret gk jadi presiden HAHAHAHH;['None'];
ika_dew;Great idea Semoga terealisasi aamiin;['None'];
imeldarahadys;Greget mmg gak punya malu apa ya Bener tak berarti dia dimata rakyat;['None'];
aam_kang;Grusnya tgkep aj itu yg mepolisikan;['None'];
muhammad_fadri_;Gua bakar kalo gua ada di situ mah;['None'];
ryan_silibet_;Gubenur Indonesiaku;['None'];
bank_sha_dewwa;Gubernu RASA ptesiden;['None'];
bagusroti;Gubernur Indonesia kelas dunia Gak kayak presiden Zambia;['None'];
jemberwahyuscout;Gubernur aroma presiden;['None'];
lela.nur512;Gubernur indonesia;['None'];
ilho_sofra79;Gubernur indonesia yang luar biasa bapak N_Target;['aniesbaswedan'];
dzukha_munawar;Gubernur kaya gini mau di lengserin;['None'];
ndaisvita_tri92;Gubernur of indonesia;['None'];
fikri.iman_;Gubernur provinsi gua bukan ayah gua bukan ada hubungan darah juga enggk tpi kok gua bangga;['None'];
rizalbmcdepok;Gubernur rasa Presiden;['None'];
nisrien__223;Gubernur rasa Presiden bapak N_Target;['aniesbaswedan'];
setiyono_3;Gubernur rasa presiden;['None'];
yaniaja17;Gubernur rasa presiden Sumpah emg enak y klo bs ngerocos ngmg bhs inggris;['None'];
ige.4646;Gubernur rasa presiden sehat selalu pak anis;['None'];
eniscorpiss;Gubernur terbaik di indonesia bahkan mungkin di dunia;['None'];
eniscorpiss;Gubernur yg luar biasa sumpah buat bangga kita semua;['None'];
dwihenrybermanfaat;Gubernure keren bro;['None'];
anismuqoffin;Gubernurku siapa lg Sepanjang serajarah Indonesia merdeka mana ada gubernur DKI jkrt secerdas ini;['None'];
alfatah_idrus;Gue bunuhlo dasar cina komunis;['None'];
demplonsusy;Gue sangat kecewa kecewa Ini hak rakyat donk;['None'];
rezha16sjam;Gue selalu respect sama gubernur yang mao bikin persija lebih maju dan lebih di perhatiin lagi N_Target;['aniesbaswedan'];
kenrbniii_;Gue suka bapak ini tolol nya murni pemberian yang diatas katanya anjing ngentot biasa aja wkwkwkwk;['None'];
achmad_masyhudi;Gunting pita kerjanya anak TK tuh;['None'];
masndulstore;Guoblog;['None'];
diahitsnani;Gupuh ngaleh;['None'];
sdsputra;Gurbernur gue nih Panutan ku;['None'];
bunda.dara.dzaky;Guru ngaji si Botak ini mah kebanyakan dakwah di diskotik sambil liat paha yg bkn muhrimnya jadi koslet sidedy cari guru ngajinya yg bisa difleksiblekan aturannya sesuai kesukaan;['None'];
rustikana2;Gurune Sopo iki seng senengane memecah belah;['None'];
endangsucihati;Gus;['None'];
archiboygaluh;Gus Gus Gus sok benar sok ahli surgacebong;['None'];
abidin9093;Gus Gus cobo iso ucap sing becik setitik ae insya Allah diangkat derajatmu marang Gusti Allah;['None'];
heendiisurya;Gus Miftah jadi Muntah bau lagi;['None'];
fiansofian8543;Gus gus klw ngomong di pikir dulu gus;['None'];
zain_dinar;Gus gusan dia Kok umat muslim disuruh gk hrs bela islam Gila tuh oranh;['None'];
helmi0075;Gus kalempong;['None'];
imanherman40;Gus koplak liberal;['None'];
ariefstone55;Gus sampean mmg buat zaman ini yg di bilang rasul jauh jauh hari jd kenyataan;['None'];
riekealmair;Gusti Allah mboten sare ada aja halang rintang biar manusia itu terhalangi lagi lagi lagi;['None'];
seem_nazril_irham;Gw Mah mau pak prabowo yg jadi;['None'];
ekasetiawan25;Gw ada org kayak gtu reflek gw hantam mulutnya;['None'];
detyamin8;Gw jg mikirnya gitu sampe anak gw yg kecil nanya knp mati lampu gw jwb aja alien udah menginvasi Jakarta;['None'];
my_happybaby;Gw juga berpikiran gitu kmren karna lbh dr jam tanpa listrik dan sinyal hp juga;['None'];
detar.delin;Gw sih Malu;['None'];
son_of_utopia;Gw suka gaye babe nih Tamara ktawa plangaplongo style;['None'];
barnadiart;Gx d tangkep ya org yg bgni;['None'];
rahmat.rm9;Gx pakai teks kan ya Om MANTUL;['None'];
salmah24__;H;['None'];
2804alfarisi;HAHAHAHAHAHAHAHAHA;['None'];
nolangav;HIDUP JOKOWI;['None'];
dickyrawung;HIDUPLAH INDONESIA RAYA;['None'];
wongso_08;HOAX;['None'];
mohsultoni70;HOAX LAGi;['None'];
sayariyanti;HOT;['None'];
safitri_afiffah;HTI FPI;['None'];
andirahmantoo;Ha kalau tiba kehabisan bensi ditengah jalan trus jaraknya jauh sama pom gimana dong;['None'];
septabudi75;Haaaa;['None'];
antonyadam;Haaaaa ironis;['None'];
sevtiensugara;Haaah emang bisa ngalahin kpuu;['None'];
tomy.ay;Haaangakak Sohard;['None'];
arif_abinya_ais;Habib;['None'];
elangdigital;Habis baca rasanya jadi bego nih Suer apa sih yang dimaksud kesalehan sosial;['None'];
haneedah_;Habis ini akan makin banyak cebi insyaf;['None'];
t.herawatihamid;Habis manis sepah dibuang;['None'];
saiko550_online;Habis mkn lem;['None'];
nugroho9123;Habis ni di cari pimpinannya pemvideo dan penyebar video Begitulah petugas di negeri;['None'];
madkublay88;Habisin Rezim Biadab;['None'];
soundaklan;Hade uy;['None'];
adnan_hererra;Hadeeeh ada ada aja ya;['None'];
niningmunira;Hadeeeh wis ternyata ta podo wae;['None'];
ihsanjaya.76;Hadeh banser mana neh tuh gak nkri kok diem bae;['None'];
hamdanidhani86;Hadehh Sekelas Presiden sama Mentri sampe slah info emang kaga ngerti kayanya sama yg di omongin;['None'];
heni_gita;Hadehhh parahhh;['None'];
sunimarepit;Hadehhhh;['None'];
rainbo129;Hadeuh;['None'];
rina.athaya271209;Hadeuuuuhh parah PKI dan Lgbt tuh yg harus diurusin yg jelas merusak;['None'];
aufa.azz;Hadooohhh cina songong sok hebatt kek gini d medan kena bantai lahh Aplgi klo smpe nyenggol cewek asli sini Lbih garang dr mak tiri klo dh ngamok;['None'];
anam_wap;Haduh Mau komentar takut salah;['None'];
yenihelen;Haduh rb jd rb ya;['None'];
nanang1218;Hah tak lama lagi dia bakal rasakan apa yg dirasakan di alam kubur;['None'];
anofabry;Haha;['None'];
cepcucu05gmail.co;Haha Disesuaikan dari harga yg sdh ada menjadi naik;['None'];
bilal_insanul_kamil;Haha jaman saya masih SD min;['None'];
yudiyudhaybee;Haha sekarat itu sekolam kaya kena portas wkw;['None'];
atinsofie;Hahaaa;['None'];
bangkitrobert1;Hahaaaaa;['None'];
ediei29;Hahah asiap;['None'];
erick_tokka;Hahah bisa ae;['None'];
hendry.anestesi;Hahah klo punya uang milyar ga jual eceran bosss;['None'];
gilang_sydn;Hahah teu diakui arek saeuncan putusan MK rek saeunggeus putusan emang si eta diakui;['None'];
rendyanggara2;Hahaha;['None'];
djoniarianto;Hahaha NEGARA INI SDH MEREKALAH YG PUNYA AMBIL SEMUA SEMOGA SEGERA ALLAH TURUNKAN AZAB BUAT MEREKA SEMUA AAMIIN YRA;['None'];
ku.rniawan2600;Hahaha Nunung tukang ngompol;['None'];
agus_saiful_bahrie;Hahaha Sedih presiden nya tdk disambut Rakyat malah teriak prabowo;['None'];
herryzsrg;Hahaha biar dh diakui hukum serasa gk enak klau gk ada legimitasi dari yg punya barang Manntul;['None'];
permatasari_aisyah;Hahaha gak sinkron;['None'];
ahmad_raynaldi;Hahaha mantap;['None'];
effendith;Hahaha maren kemaren kog GK di angkat ke MK ya;['None'];
krisman.sinaga.589;Hahaha pelawak ngomong;['None'];
violetha_dewi9386;Hahaha si gk punya maluuu wor;['None'];
tonk_kitu_ah;Hahahaaaaa;['None'];
ediei29;Hahahah mana brani wowo;['None'];
ellutfihakim;Hahahaha apa gw bilang raja tanpa rakyat;['None'];
mr._vicky051089;Hahahaha bukan kenaikan tapi penyesuaian Pinter bgt dgn memutar kata Biar menjadi;['None'];
surjoprawoto;Hahahaha emang dasar tai;['None'];
ratnaema388;Hahahaha ora ngerti blas sing di takon;['None'];
romapasaribu52;Hahahaha senang kn klen di gtuin ntr bilang China aja dibilang rasis hadehhhh klen rasain lah itu ya selamat menikmati;['None'];
normalope770;Hahahahaha gt deh klo mulutnye lbih lebar timbg otake jeplak dulu ralat kmudian;['None'];
khansafauna;Hahahahahaha;['None'];
rezhablues;Hahahahahahaaa peraturan tolol;['None'];
sesamaulida;Hahahahh Ngapaun kerja jam Gd hasilnya M nding kerja jam berbobot Dasar loba pencitraan lw Muak gw;['None'];
pu_raja_panjaitan;Hahahahha kritik anis malah kena junjungannya;['None'];
noerhanifa;Hahahahhaa kesiannnya;['None'];
dayak162;HahahahhahahaaTOLOLLLLL SEMUA PARA KAUM MUNAFIQ CEBOK;['None'];
art_bonamas_rickys;Hahahha yg punya hukum dan hak di indonesia FPI ya;['None'];
mohamad_ricky89;Hahai mantul;['None'];
ustad__khailumar;Hahhaahaha siapa tooo org biarkan aja;['None'];
nuningleni;Hahhahaa Cebong mah ga ngerti Makanya hantam kromo;['None'];
nur_sholeh_bmc1054;Hahhahahahhaha tapi boong;['None'];
syafriyenniyeyen;Hahhahqhahahaahhahaha N_Target;['hellokeepp'];
fendy5369;Hahhhahaha wkwkkakw aturan yang buat negeri sendiri malah rakyat sendiri yang di persulit kalau aturan membela rakyat toooo bukan membela kaum penjajah china buat baja apakah ada pajaknya wkwkkw hAhhah mikir;['None'];
sakha_arkan.w;Hahhhhahahhahahhahahahhhhahhjhhahahhahahahh;['None'];
andris2918;Hahhihi tertipu;['None'];
kenkimhadi88;Hai kafir silahkan kamu ganggu terus ulama dan agama kami kami sudah siapkan pembalasannya;['None'];
madusarangmentah;Hai kak madu sarang kak silahkan di coba kak Di jamin ketagihan;['None'];
hijrah5.17;Hai kak mau belajar bisnis Klik link di bio kami ya;['None'];
hijrah5.17;Hai kak postingannya keren;['None'];
hasyimhasl;Hai penduduk coba lagi di tahun yah;['None'];
sainasafri;Haiiiyaaaa celamat tmbah cengcala bkn cejahtela;['None'];
imaakrul_ely;Hajaarrrr Kaka jang kasih ampun jaga Kaka dong pu daerah bae eee;['None'];
rororamelan;Hajar ajah tuh;['None'];
r.muhammad68;Hajar orang gitu mah kalo ga culik aja;['None'];
rudywhowhor67;Hajar saja;['None'];
azamfatihazamfatih;Hajar trus ukh pantang mundur AllahuAkbar;['None'];
anggra.prasetia;Hakan siaj;['None'];
mursynaa;Hakim Mk noh srh liat Biar mikir;['None'];
pelautmilenial;Hakim yang mulia kan juga punya selera;['None'];
dhifaana;Hakimnya diajak besok orang ini dpenjara supaya jelas itu buktinya Tp pas ditanya apa yg dcoblosin itu lebih dr juta suara Kl jawabannya GA maka ga akan mmpengaruhi hasil Jd ya biarlaaah itu dcoblos asal ga smpe jt;['None'];
zainal.satria.777;Hal spt si onoh tak kan mampo bapak Anis anda akan ada di hati kami;['None'];
yosiasimanungkalit;Halaaah Bacot doang manis Kerja mah NOL banyak belajar sama pendahulu anda pak mulut tak perlu manis yang penting kerja nyata;['None'];
bambangsoreang;Halah Kok masih presiden baru tho Nggak ngikuti perkembangan;['None'];
fikri_mhmd;Halah darah nya ga sih;['None'];
farq_ir;Halah pencintraan mulu kerjaannya;['None'];
ramadhan_febrida;Halal kayak darah nya tuh;['None'];
lilah_mydropnshop;Hallo kak;['None'];
ejentatang;Halo Assalamualaikum senang berkenalan dengan Anda;['None'];
fadila_store_herbal13;Halo kak ingin menghilangkan jerawat diwajah Yuk cek instagram kita;['None'];
azis5294;Hampir aja guetepuk tangan;['None'];
djatiningrumwidia;Hampir tiga tahun Kapan karyanya yg mana Yg ada yg sdh bagus jadi berantakan lagi Tanah abang RPTRA Sampah sungai;['None'];
ieant24;Hancor;['None'];
keyzuvia;Hancur hancuran;['None'];
bagaskara212.313;Hancur negara indonesia;['None'];
aligar_88;Hancur negara ini bisa daerah Laen bisa ikut an;['None'];
sasridaaaa;Hancurkanla pemimpin km yg zolim ya allah;['None'];
kenkimhadi88;Hanya Allah yang Maha Adil semoga rezim nganu diadili seadil adilnya oleh yang Maha Adil;['None'];
medanimedani;Hanya d jaman orde baru cina tau diri;['None'];
maryamgamissyari;Hanya di negeri Togog;['None'];
rhizkybhule;Hanya di rezim sekarang Indonesia jadi pecah belah xya gini kita Aja lihat Indonesia sekarang sedih apa lagi Para pahlawan Yg dlu memperjuangkan nyawa untuk Indonesia;['None'];
bams_evant;Hanya iblis dan setan yg alergi kalimat tauhid;['None'];
danel0324;Hanya manusia sombong yg nggak pernah meminta maaf;['None'];
yusuf_bandarmasih;Hapox am mantul babe N_Target;['haikalhassan_quote'];
abimalik33;Hareupeun aing ngomong anjing diwewelan tai kuda tah sungut na;['None'];
anggra.prasetia;Harga diri turun sm rakyat di gituin;['None'];
zainallfaqhi18;Hari ini saya balas;['None'];
antonyadam;Harus Jadi presiden dan wapres thn;['None'];
jazy_0618;Harus bikin biar cacing mati;['None'];
ferdi_kempot;Harus di bahas di N_Target N_Target Biar jelas;['presidenilc', 'tvonenews'];
supriatna2506;Harus di lawan biar mampus;['None'];
koswarayusup;Harus dilawan pasukan nasi bungkus ini cari dalang profokatornya;['None'];
pina_imron;Harus nya bukan urusan saya kok tanya ke saya;['None'];
al3victory85;Harus nya dilempar balok jgn kursi;['None'];
iwannanda557gmail.com2;Harus nya media tv menyiarkan berita ini dasar picek antek penguasa;['None'];
iwan_suhendri;Harus nya udah dari dulu;['None'];
buya2424;Harus percaya dng janji Allah guys sabar dan bertawakal lah;['None'];
sayadi_umang;Harus sering nih demo macam itu kalau perlu seluruh rakyat tuntun seperti;['None'];
ediefen4;Harus waspada jgn penyusup;['None'];
rhizalnurislam;Haruskah ku tertwa Tapi takut dosa Hehe;['None'];
surjoprawoto;Harusnya dihukum karena kecurangan nya semua yang terlibat harus dihukum;['None'];
neuroticus_toxinos;Harusnya entis kyak gni dimusnahkan merusak alam;['None'];
welldzoel;Harusnya kan dicari siapa pelaku yang menjatuhkan Merah Putih ke selokan Jika gak ketemu ya pasti golongan penyiram air keras ke wajah Pak Novel;['None'];
dikdikzafarsidik;Harusnya pejabat tersebut diundang ke ILC untuk diskusi;['None'];
thekophafizd;Harusnya si jae mikir dia sdh ngecewakan rakyat hampir tahun;['None'];
muharamiko4;Harusnya smua kpla daerah sprti ini;['None'];
bangkitrobert1;Haruss nya fokus ama rakyat;['None'];
midawinta;Hastag lu segitu biar apa min;['None'];
wahyuajix_;Hastag ngga nyambung gaje admin;['None'];
ludinakmal8;Hati dalam bersosial media ingat semua ad blasan nya yuk bantu pemimpin kita dengan intropeksi dan perbaiki diri kita sndri dlu demi indonesia yg lebih baik skedar mengingatkan saudaraku;['None'];
awan_pelangi_senja;Hati ditangkep nanti gitu baperan tuhh yg dimobil;['None'];
lussy_lim;Hati hati jg guy komen krn saya ada komen nyenggol sedikit langsung IG saya diblok semoga Allah melindungi kita semua warga Indonesia dari orang orang yg tidak bertanggung jawab;['None'];
alfaizi143;Hati hati kak yang ngerekam nanti anu;['None'];
liz_retno;Hati jaga diri pak kuatir dicyduk maklum Skrg kan anomali semua yg nyenggol c na diperkarakan;['None'];
ichemelan;Hati mbak ntar ditangkap kan dunia udah seperti film dunia terbalik;['None'];
comara_0205;Hati ntr masuk lgi jon hobi banget nyinyir;['None'];
mutiara____308692;Hati nurani ga bisa di bohongin;['None'];
eldi_samel;Hati pak nanti d bilang makar bsok pakai teks lah pak klo d wawancara apalagi sm tv luar pak ngaciro aja wawancara d tv lokal aja pakai teks mask bpak enggak;['None'];
linnydharma;Hati tidak bisa di bohongi;['None'];
amien5440;Haus kekuasaan;['None'];
bagus_boedi;Hay pendusta tidak takutkah dengan azab alam ini sudah geram mengisyaratkan kan kau lenyap;['None'];
gienzginanjar;Hayang ngiluan lah;['None'];
arya_syahab123;Hayo siapa yang bilang warna papua pilih jokowi;['None'];
nenenga_alfiah;Hddeeeeeehh;['None'];
sri.darsono60;He he hanya bisa smp dugaan doang selesai;['None'];
vangebergte;He s psycho Just make a hole on his damn bloody head;['None'];
sheshendy;Hebat bandung;['None'];
smilepahni;Hebat banget Ada jagoan;['None'];
alummi.rambe;Hebat cerdas kreatif;['None'];
hajahnailiyatulfarha;Hebat pa Anies;['None'];
rina.athaya271209;Hehehe;['None'];
abeelatiev;Hehehehe Memang kalah itu menyakitkan;['None'];
dedepgaja;Hehehhe;['None'];
_senan.200;Hello;['None'];
mr._vicky051089;Hemaprodit ada juga;['None'];
fauziameika;Hemm kayaknya lebih suka rakyatnya miskin dan bodoh;['None'];
veldyregar;Heran herannnn ya;['None'];
maharaniismail05;Heran yaaa napa satpamnya diam aja Cwe dilecehkan gituuu mereka malah planga plongo ya Allah geram dan jijik gua liat tuu si cipit pengen gua gorok lehernya Ama parang;['None'];
haysia81;Het dah babeeeh;['None'];
premium_yoghurt;Hey Nice gallery you have I mean I liked it;['None'];
loliland70;Hhahhaa Blegeddess;['None'];
dina.donat15;Hhh aneh bin ajaib wkwkwk;['None'];
deltasera99;Hhhaaaaa heeeee;['None'];
adindaaja016;Hhhhh laahh loe sendiri penuh pencitraan hadeuuh lg mumet kah otak;['None'];
makeline_nisa;Hi Kak Pengen Punya Penghasilan Tambahan Pengen Tau Caranya Bisnis Online Pengen Tau Caranya Dapet Uang Dari Internet Semua bisa dilakukan cukup dr HP Smartphone Anda Yuk Gabung Di bisnis Dropnshop;['None'];
panji_sujatmiko;Hiburan pagi;['None'];
fany.rianti;Hidup FPI;['None'];
tegarandipradika_169;Hidup Prabowo;['None'];
niningmunira;Hidup alumni dan ulama;['None'];
chanoxan;Hidup di negara thai land Kita bisa apa Hukum bisa di bulak balikan;['None'];
achmadsolmed;Hidup indonesia hidup papua hidup nkri;['None'];
krisdiantoagus;Hidup penuh dusta;['None'];
heendiisurya;Hidup tak ubahnya Panggung Sandiwara kita hanya dapat satu peran yg memang harus kita mainkan bermain dalam panas dan dingin malam dan siang permainan itu akhirnya akan selesai mengikuti batas waktu masing kita pulang dgn seribu satu catatan antara Baik dan Buruk;['None'];
chairulmazwar;Hidup tanpa kebanggaan;['None'];
ikhfandiah;Hiduplah Indonesia raya;['None'];
zakysef;Hihihihi niatnya udah ketangkeo orgnya yg blm;['None'];
kiki_bendre;Hiiih Muak;['None'];
billymustofa;Hijab itu wajib satu dari beberapa syarat sempurnanya iman adalah berhijab ikuti ajaran agama agamamu najwa jangan ikuti pendapat bapakmu qurais shihab;['None'];
ronipramidya;Hilang harga diri seorang pemimpin;['None'];
akmal.fauzy_;Hilang respect gw;['None'];
bimaalfatah;Hla terus banserep kui mbelo sopo su puekooook e ndlolalah tenan wong cengoh kui;['None'];
harwanto.harwanto.37266136;Hm bgus y jam krja tidur pntes tanya sja mnteri bukn urusan sy;['None'];
shanim_aja;Hmm makan tuh beginilah klo rakyat di bohongin;['None'];
hu.7251;Hmmm jgn harap maklummm;['None'];
deritri28;Hmmm sabar ada batasnya ga sih haduh nyebut;['None'];
fadhli.boy;Hmmmm;['None'];
zahara9908;Hmmmm klw udh rezim cebong payah cakap mana bayaran ya kan bong;['None'];
salimdiamantemustofa;Hmmmm lapor hakim mk dong biar g di jadikan tersangka kan bukti video Dr internet katanya g kuat;['None'];
yuliantr6234;Hmmmmm kelakuan mereka;['None'];
bicaramampap;Hoax;['None'];
donimozza;Hoax Ini video udah lama;['None'];
zakysef;Hoax adalag berita yg tdk sesuai kepentingan rezim maka di sebut hoax;['None'];
bunda.dara.dzaky;Hoax hapus min anak itu blm meninggal;['None'];
wijaya.lavioza;Hoax terussss;['None'];
dedy9936;Hoaxxx;['None'];
yatnaafri;Hooh min keknya aku rajin bgt komen ya bawel;['None'];
jan_alif;Hoooo hohoo itu bibir nya dpotong enak tuh;['None'];
siannane;Hore penyesuaian hidup periode;['None'];
ceu.ntut.75;Horeeee pak prabowo sandi presiden;['None'];
nama1598;Horeeeee GK mau GK mau GK mau GK mau GK mau;['None'];
imanherman40;Hrs nya ne orang dibuat merangkak seperti binatang yg disebut nya;['None'];
rahmananan;Hrs nya tdk ada ini berarri kn suaranya itu gelap tapi tetap tdk bisa d jd kn bukti;['None'];
herdianto_kurniawan;Hrsny dinas pertanian itu yg jemput bola mencarikan hak paten Mlh jd musuh LOL;['None'];
mardianeliza;Huahahaha Ngaciro;['None'];
ayu_aida98;Hujan juga sudah enggan turun di era MUKIDI min;['None'];
matoa_papeda;Hujat aja terus mau kalian teriak sampe ayam tumbuh gigi sekalipun beliau tetap menjalankan tugasnya sbg presiden Cacian nyinyiran hinaan dan hujatan kalian hanya menambah derita batin kalian selamat ya msh tahun ke depan Kalah ya kalah udh lah ga guna kalian kebanyakan bacot Indonesia butuh solusi bukan bacotan ga guna kyk kalian;['None'];
aldie.taher.7;Hukum Oh mereka tak melihat;['None'];
abu_mirza79;Hukum cangcut;['None'];
hafiz_uhan;Hukum suka suka;['None'];
boneng_khusafa;Hukumanya tak sebanding;['None'];
rudyharianto420;Hwakakaakkakakak pecundang bisa bisa saja bikin onar;['None'];
maslikhas;I LOVE bang Sandi yg masih setia dengan emak;['None'];
rifqiyoung;I can t do that;['None'];
toharo77;I cant decide that I liked this photo because of composition or place but it is really good;['None'];
tri.vernanda;I col yu mai cantri oke;['None'];
rio_sukamaniss;I just had a look at your photos Your perspective is normal but composition is great Just wanted to say;['None'];
rio_sukamaniss;I just saw your recent photos It looks like your photos are getting better with time imo;['None'];
herawatikarmilah;I like him for;['None'];
kasia_kot111;I like your picture Follow my friend thisiskaitlynx;['None'];
agnarzaidan;I love FPI;['None'];
dewii6879;I love Pak Anies baswedan;['None'];
merli_irwan.s;I luv u;['None'];
otumadeharriz;I was having some problem with my Instagram account and i was help by N_Target on Instagram He is a professional hacker and very smart and good in hacking Including hacking into phones and so many things online;['johnson914'];
lucu2631;IBLIS;['None'];
ariedbobie_benk;INDONESIA;['None'];
ririnekawati06;INDONESIA tanah air beta pusaka abadi nanjaya Indonesia sejak dulu kala slalu di puja puja bangsa Disana tempat lahir beta di buwai di besarkan bunda tempat BERLINDUNG hari tua sampai ahir MENUTUP MATA lagu ini membuat hati tertusuk apakh suatu hari nanti masih ada putra putri yg berjuang utk kedaulatan negaranya;['None'];
eduard_laemers;INI BAKAL JADI PEMIMPIN YG CERDAS;['None'];
erimasute;INNALILLAHI WAINNAILAIHI ROOJIUUN;['None'];
dayak162;INTINYA MUNDUR DARI PRESIDENT KAMU JOKODOK;['None'];
fajarnova09;Ibarat ngelamar gadis dan nikah cuma dpt buku nikahnya doank gak dpt mmpelainya boro cintanya;['None'];
harianto8379;Iblis berselimut sorban;['None'];
bumay06;Iblis yg merasuk ke dlm tubuh manusia kelakuan yg menjijikan nauzubillah minzalik;['None'];
ermaprihartini;Ibu sy thn br berangkat haji gk jls jg nih;['None'];
hefnoy;Icikiwirrrr si boneka chuky;['None'];
rifai_ar_rafif;Idaman dan idola Semoga selalu diberi kesehatan pak N_Target dan keluarga Aamiin;['aniesbaswedan'];
deta_devita;Ide brilliant semoga terealisasi;['None'];
brahmemi;Ide cemerlang pak jokowi mau ga;['None'];
bumay06;Ide cemerlang setuju;['None'];
prabowowidha;Idola kaum togog ya g heran;['None'];
rifai_ar_rafif;Idolaa;['None'];
ipan.sopian_;Ig nya dong si bangsat ini gak tau diri bangsat;['None'];
gha_angga;Ih kesel asli klo ada disitu gw pukul urusannya nanti;['None'];
chesylininayp_azila;Ihh nauzubillah;['None'];
bundaazrill;Iih ya allah gini amat ya pemerintahan Indonesia pda g mikirin rakyat yg d pikirin perut masing masing pda inget mati udh sepuh bgitu bu mega ya allah gaya bicara mu sperti mau hidup thun lgi;['None'];
zahwafijasmin;Iiih amiiitt amiittttt;['None'];
f4t1m4h___76811;Ijin Repost Min;['None'];
e_wildane;Ijin paste min;['None'];
yanakelwit;Ijin repost min;['None'];
wiwin_vr46;Ijin share aah;['None'];
wijayakusuma436;Ijin share ukh;['None'];
diliyanayn;Ijin share vidionya ya kak;['None'];
samramoli;Ikan sepat ikan gabus lebih cepat lebih bagus;['None'];
eninfauzyzakyyusufraajraasikh;Ikh najis lht nih mulut org pengen nampol;['None'];
nyimasweninggalih;Ikhlas dlm mengabdi rela tidak digaji pasti jauh dari kata korupsi;['None'];
imam_mashuri.s;Iku singkek njalok di kaplok gaest;['None'];
hannasyukurr;Ikut bangga dengan Beliau Semoga tetap amanah;['None'];
henisri_rahayu2;Ikut berempati jadi merasakan naik lagi harga diri Bangsa Mudah mudahan Allooh SWT meridhoi Bapak jadi pemimpin kami Dan Bapak yg dilantik Aamiinnn Alloohumma Aamiinnn;['None'];
titi_adnan;Ikutan donk PRABOWO PRABOWO PRABOWO;['None'];
ikafitria_dr;Ikutttt;['None'];
helmi0075;Ilmu bpkny tntu trn k ankny;['None'];
dinigeulishotel;Ilmu dan org yg py tujuan yg benar akan menghasilakan sesuatu yg baik dan benar klo sesuatu yg palsu y pikirkan saja dg akal sehatmu;['None'];
alamsyah6696;Ilmune gak kepake;['None'];
faf4340;Imam yang berani baik dan bijak sana semuga allah selalu melindungi beliau;['None'];
mesafauziahts;Impor smua trmasuk mentri impor sklian biasanya yg ska mkan bangkai sodrnya jena imbas nya juga dmkn jugaa;['None'];
ferisirajudin32019;In Shaa Allah tapi perlu diantisipasi kejadian ini Siapapun calonnya kl terulang lagi;['None'];
andri_win_09;In Syaa Allah barakallahu fii umriik;['None'];
pallatjelies;In sya Allah;['None'];
pjaeanwarys;In syaa Allah;['None'];
ningjuhaeriah;InSYa ALLAH Bapak Anis selalu di lindingi ALLAH Subhanahua wa ta Alla selama bpk Anis menjadi org baik Amanah tentu ALLAH Subhanahua wa ta Alla Insya ALLAH Akan mengutus para malaikat tuk menjaga bpk Anis Alafatihah Aamiin Allahumma Aamiin;['None'];
elrinaanwar;Inalillahi Udah numpang hidup di tanah orang songong lagi Diback up pula sama aparat;['None'];
ellchoir;Indonesia butuh oposisi yg benar peduli terhadap bangsa bukan kritik yg menjatuhkan tpi kritik dan saran yg bersifat membangun indonesia patut berbangga mempunyai muhammadiyah yg masih ada dijalur yg tepat bangga;['None'];
biebinege;Indonesia ga bisa apa;['None'];
r.amalia21;Indonesia ku kemanaaaa Mayoritas muslim tp koq acuh amat;['None'];
iffaya_bajulukis;Indonesia memang bukan neg islam ttp mayoritas penduduknya islam sila pancasila jg islami spt sila adlh anjuran surat asShura bhineka tunggal ika berkonsep piagam madinah alhamdulillah neg ind damai trimakasih p Jkw;['None'];
mas_ghannes;Indonesia nasibmu;['None'];
madkublay88;Indonesia sdh Jadi Sarang PKI Yang setiap saat akan membantai Islam Waspadalah Waspadalah Waspadalah;['None'];
biebinege;Indonesia seneng dgn pemimpin yg sekarang lah sekaliber pa Prabowo aja kalah terlalu pinter susah ngerampok ya;['None'];
riza_putra_;Indonesia tidak kekurangan orang pintar tapi kekurangan org jujur cebong cebooong;['None'];
ramosssta;Infes mai in kontrii;['None'];
ondrysyahrul;Ingaat MATI ingaat RAKYAT serakah jabatan demi partai;['None'];
anie7612;Ingat say kita NKRI;['None'];
alvaro.fathir0120;Ingin ku teriak hahahaha bukan nya menyelesaikan persoalan yg ada malah tambah persoalan baru;['None'];
mbobyramadhan;Ingin sekali rasanya gua ikut demo kalu ada demo besar besaran yaa demo buat nuruni tu bngst;['None'];
boby_bobs06;Inginku berkata kasar tapi takut dikira makar;['None'];
herawaty_71;Ini Presiden Indonesia;['None'];
dans_bewok;Ini adalah rakyat sejati;['None'];
nor_khadijah77;Ini asli pa editan ya;['None'];
rahadidandun;Ini banyakan makan b kali;['None'];
pangestu_muhammad_wb;Ini baru Goodbenur gue;['None'];
biasaadadi_jalan;Ini baru bener bangun kebiasaan dari yg biasa dulu;['None'];
nurdalima67;Ini baru cocok jd presiden;['None'];
f4ndy_syahputra;Ini baru kerja kerja kerja mantab jendral bukan yg bilang kerja kerja kerja tp ngutang;['None'];
bluekuni88;Ini baru mantap Viralkan ah;['None'];
wawan_s.a_al_jufri;Ini baru pemimpin berbobot dan layak bukan diusung Krn dijadikan dan dicitra kan sbg pemimpin;['None'];
rositarosih47;Ini baru presiden indonesia;['None'];
sasridaaaa;Ini baru wakil rakyat;['None'];
ariefmachero;Ini benar ngk bang N_Target ato hoakz mhn infonya;['dahnil_anzar_simanjuntak'];
ny.ulfa16;Ini beneran apa;['None'];
jalaluddin_sinan05;Ini bisa jadi Medan jihad tempur;['None'];
omojak;Ini bnran pemimpin bukan raja kodok;['None'];
mumtaaz_taste;Ini boneka bukan presiden Seluruh dunia tdk menganggap dia sekLipun dia msh bisa berdiri tegap;['None'];
uci9139;Ini bukan si saud ini antek yahudi;['None'];
r_maulan4;Ini bukan urusan saya;['None'];
godsparta_1;Ini data yah klo cebong datang pasti ini hoax udh ketebak;['None'];
chanoxan;Ini di bilang guru kencing berdiri n murid kencing berlari Pasti akibat didikan gurunya yg salah nih;['None'];
rahiemsalim;Ini dia Dajjal nya;['None'];
septi_m_akbar;Ini gmn kronolilogisnya;['None'];
budifaizal7027;Ini gubernur;['None'];
kaisararieriesz;Ini gubernur rasa presiden;['None'];
ccsomba;Ini harganya berapa kak;['None'];
iza_sheina_safeea_131920;Ini hrg brp;['None'];
yadhie_sugianor;Ini indonesia BOS Bukan Israel;['None'];
vavabronson;Ini kalau teh kotak di kasi kekuasan bisa semena mena kroninya;['None'];
ronlenon05;Ini kan salah satu bukti;['None'];
habmin25;Ini kasusnya kenapa ya;['None'];
butiknyakak;Ini kejadiian kapan;['None'];
ridwan0621;Ini knp asal muasal masalahnya;['None'];
syamsul3873;Ini lah presiden indonesia yg mndunia;['None'];
nadyasalvina;Ini lh GUBERNUR RASA PRESIDEN;['None'];
hidayani1307;Ini mah balas dendam yg tempo hari si ngohok dipenjara jadi sekarang uas dicari kesalahan nya trus digoreng lg dh sama togog;['None'];
mikhyau;Ini mah jelas MAKAR Minta bantuan info jelasnya Pak N_Target N_Target;['indonesian_militaredia', 'infokomando'];
yulialoveyr;Ini mah mungkin taktik nasdem pingin tau apakah pak anies bakal nyapres atau gak sebagai ancang siasat siapkan lawan entahlah politik emang penuh kelicikan;['None'];
rinitres1;Ini mah sudah pasti junjungannya yang suka ngobral tai tai;['None'];
ar_prasetya;Ini mah video masa kampanye kmren;['None'];
ida130956;Ini manusia udah kesurupan genderewo rupanya ngomongnya bau mulut;['None'];
zainal_al_batawie;Ini mentri agama appaan ye ko gak ngerti bendera TAUHID;['None'];
sushidataka88;Ini msh di bilang gk ada bukti ya N_Target terkutuk lah kalian;['mahkamahkonstitusi'];
may_6577;Ini mungkin alasan Allah turunkan para nabi di Negri Arab karna memng dlnya jahiliyah;['None'];
ait_47;Ini namanya perampok tukang minta;['None'];
acepkrisdiana5979;Ini negara siapa gatau malu;['None'];
tiersya2705;Ini nggak bisa jadi barang bukti yaa ada kecurangan;['None'];
udayfak;Ini orang hebat;['None'];
novirmanfirman;Ini orang mnaa luuh yaaa Jgn brani di awang;['None'];
iwan_suhendri;Ini orang muka tembok ga tau malu;['None'];
prince_faruuq;Ini orang ngaji ga sampe surah Muhammad;['None'];
nama1598;Ini orang ngomong asal ngomong;['None'];
begajul_to;Ini orang tuanya dosa apa sampek bodohnya alami gimana PKI mau bawa agama mereka tdk beragama anti tuhan kok gk mati aja ya orang gitu;['None'];
tyo_buroq;Ini org cocote lebih mirip banci kaleng;['None'];
ien_bj_ghuchi;Ini org lagi sakau;['None'];
babang_mesut_ozil;Ini pakde jokoun;['None'];
botwang;Ini pemimpin klo jae apa ya;['None'];
fjr_mv;Ini presidennya siapa;['None'];
tienanadya;Ini president indonesia yah;['None'];
mr_dahr;Ini rezim ngaciro;['None'];
rusma367;Ini semua terjadi akibat keangkuhan kalian pemerintah apalagi banyak ulama kami terzolimi Alloh membalasxa dengan memberi peringatan spt yg trjadi saat ini selain dari bencana yg lain bukannxa taubat malah nambah keangkuhan;['None'];
beril_rdr;Ini seriusan masih lanjut min rekaman kapan ini Ya Allah kok jd perang agama;['None'];
adit.togar;Ini seriusan tgl kemaren min Masa g ada media yg liput meski bukan media tv;['None'];
_tampol_online_;Ini si kontol abu janda semvak merah nih N_Target;['ferdinand_hutahaean'];
bundarahmah_nany.h;Ini terjadi diwilayah penjaringan JakUt;['None'];
must_wah_you;Ini ustadz ko kyk gini yach;['None'];
afrzlftrchmn;Ini video lama min februari Di manonjaya bener tp manonjaya tu tasik bukan bandung hehe Malu kan lu mampus Pilpres udh kelar kedua calon sudah pada akur Tolong lah jgn di provokasi lagi Tp kalo emg mimin dpet duitnya dari cara kyk gini yaudah monggo sembari mencicil kontrakan di neraka hehe;['None'];
a.dcase;Ini yang saya tidak suka dari cina belagu;['None'];
jualpenggemukjakarta;Ini yang terbaik;['None'];
eklesia.yolanda;Ini yg akan terjadi th ke depan kl msh itu preaidennya;['None'];
tyo_buroq;Ini yg cowok bacot tampol aje;['None'];
herimaryamin;Ini yg kemarin saya cerita temang N_Target;['mustamin_hasnawati'];
herry_triant_5;Ini yg komen jelek sama pak anis Siluman CEBONG semua;['None'];
emalmalabary;Ini yg namanya MAKAR YG TERSTRUKTUR DAN MASSIVE mana nih kok gak di tangkap Pemda Papua semuanya N_Target N_Target N_Target N_Target N_Target N_Target;['tentaranasionalindo', 'prabowo', 'indonesiaadilmakmur', 'divisihumaspolri', 'jokowi', 'suryoprabowo2011'];
atiks_63;Inii pemerintah lamban bangett bertindak menyelamatkan Papua Geregetan bennerrr Seperti negara ngga punya pemimpin;['None'];
putut9156;Inilah;['None'];
kemal_rezki_azhar;Inilah akibat di kasih kebebasan;['None'];
jamurtlethongtlethong;Inilah kualitas dan cermin politik indonesia negara gak akan maju dan makmur sampai kapanpun kalo elit politiknya gak berbobot dan gak berkualitas;['None'];
astinamauly_thalib;Inilah media Indonesia yang terlihat jelas kebodohannya hanya gara bisa membuat berita HOAX;['None'];
samsuarofficial;Inilah pidato politik yang paling tidak berbobot di abad ini;['None'];
ebwood81;Inilah rakyat indonesia Lu presiden mana N_Target;['jokowi'];
al_jasum_muhibbin;Inilah rezim bahlul;['None'];
sayurpakis11;Inilah ulama suu Kasian yang baru masuk islam langsung kena cekok kin ulama kaya gini;['None'];
riccardo_daelli;Inilah yang suka ngebahas kayakinan iman orang lain Selalu membandingkan menurut keyakinan dan akal sehatnya Keyakinan tak selamanya bisa ditrima oleh akal sehat krn keyakinan iman it adalah sesuatu hal yang kuat yang timbul dengan sendirinya dari dalam hati Bukannya seharusnya agamamu adalah imanmu n agamaq adalah imanq Kok suka ngebahas keyakinan iman orang lain y;['None'];
re.yhan3933;Inilah yg di inginkan PKI umat islam marah hey para non muslim lu pade sadar g sih klw kita dibentur kan mau kalian apa kalian mau kami marah ya ingat kalian minoritas tp jgn pancing kemarahan mayoritas ni sabar tu ada batas nya cung klw ulama dan agama kami sudah kau hina itu lain urusannya bro ini g main;['None'];
yulialoveyr;Inimah akal an MA biar dikira netral padahal mah sama aja sekolam ma MK;['None'];
rickybapaw;Inimah di tasik;['None'];
nnsprtn;Injek rame sampe Rontok giginya;['None'];
vivaldi_r_jackie;Inkonsisten;['None'];
ekibaehaki22;Inna lillahi wa Inna ilaihi rojiun semoga di tempatkan di sisi Allah SWT Aamiin;['None'];
nazifanursalsabila;Inna lillahi wa inna ilahi riji un;['None'];
nanda_yudiantara;Inna lillahi wa inna ilaihi roji un;['None'];
alfigio;Inna lillahi wa inna illaihi rooji uun;['None'];
hendy_surawinata;Innaa LillaaHi Wa Innaa iLlayHi Rooji uun Woooooooy Jae Diem bae;['None'];
naisyah345;Innaa lillaahi wa innaa ilaihi rooji uun semoga almarhum husnul khatimah Aamiin ya rabbi;['None'];
nenenga_alfiah;Innaalillaahi wa innaa ilaihi roodji uun Smoga husnul khotimah Aamiin ya Allah;['None'];
senysadiah;Innalilahi;['None'];
hamamkhusnul;Innalilahi wa inna ilaihi raajiuun Semoga khusnul khotimah;['None'];
selera_penyetan;Innalilahi wa innailaihi roziun;['None'];
poppy.magdalena;Innalilahi wainailaihi rojiuun Smg Husnul khatimah Aamiiin;['None'];
fahrizofficial;Innalilahiwainnailahirajiun;['None'];
m.fajar57;Innalillaahi untung kaga kelindes truk;['None'];
emiwati63;Innalillahi;['None'];
novitafajarfadriani;Innalillahi Wainnailaihi Roji un Hasbunallah Wani mal Wakil lahaula walakuwata Illabila;['None'];
zakysef;Innalillahi ko bisa kek gtu ya;['None'];
mhmdarbaslmn__;Innalillahi wa inna ilaihi rojiun insyaAllah khusnul khotimah aamiin;['None'];
iik_ian;Innalillahi wa innailaihi rojiun smg Alloh SWT senantiasa melindungi sdr ku disana d tdk ada korban;['None'];
rahman_syahputra15;Innalillahi wa innalillahi roji un Semoga almarhum khusnul khotimah;['None'];
ayiekss;Innalillahi wainna ilaihi rojiun;['None'];
kurniawatihjnia;Innalillahi wainnaillaihi rohiun smg husnul khotimah;['None'];
lonelylovecy;Innalillahi wainnaillaihii rojii uun astaughfirulloh;['None'];
sujatwika;Innalillahiwainailahiwainailahirojiuun tu yg ngerekam knp gak sholat;['None'];
narisayekti;Innalillahiwainnalilahirojiun Ya Allah;['None'];
narisayekti;Innalillahiwainnalilahirojiun entah ini jaman apa byk orang aneh bermunculan;['None'];
zulkadri;Insha Allah kalau sy yg alami seperti itu oleh orang seperti itu Sy injak batang lehernya Sumpah Demi Allah udah muak liat tingkah laku orang seperti itu Merasa mereka sangat di lindungi;['None'];
lidyawati67;Insha Allah setujuuuuu;['None'];
alwiah_almuhdar;InshaAllah kami sekeluarga ikut;['None'];
muhammadsusada;Inspirassiku;['None'];
zainalarifin103;Insya Allah;['None'];
rose_fadli;Insya Allah The next presiden indonesia;['None'];
idadahlia37;Insya Allah amanah;['None'];
neninuraini72;Insya Allah pak N_Target presiden indonesia aamiin;['aniesbaswedan'];
ibuna_agil;Insya Allah pak Prabowo tetap yg di Lantik;['None'];
bomaadss;Insya Allah setuju tapi min bgaimana dengan pak prabowo mii apakah pak PS akan maju juga Klo maju juga akan berbagi suara min nanti nya;['None'];
ti2n_surya;InsyaAlloh akan terwujud Smg Niatkan yg baik kan Di Mudahkan;['None'];
syal.r19;Insya_Allah pak Anis tetap amanah aamiin;['None'];
irma_ais1929;Insyaallah;['None'];
koessumadipura;Insyaallah kalo Alloh memberi umur panjang se;['None'];
manusiatakkenal_lelah;Insyallah kita sekeluarga g ikut bpjs lagi org x per bln Mau cari uang kemana sbyk it per bln;['None'];
bagindas11;Insyallah setuju;['None'];
4yi_ri;Is the best Bapak Anies;['None'];
erwinslametwinarno.sh.mt;Is the best jendral;['None'];
ratiriswanda85;Islam;['None'];
w4rd4haloe;Islam dia Sehatkah dia;['None'];
tarmizi_ezi;Islam hayoooo bangkit dan bersatu;['None'];
bangzen62;Its real smart the leaders excelent;['None'];
demak_2;Itu Kejadian Kapan Min wktu kampanye apa sesudah putusan MK;['None'];
akdes_tp_bolon;Itu ada pasalnya pasal pertama Pejabat selalu benar pasal kedua pejabat tidak pernah salah lanjut kan lah;['None'];
nengila04;Itu anak sang proklamator ya;['None'];
ridhopurwa;Itu anjing ngomong anjing yaahh gk heran lahh keliatan dri matanya pantesan kya gtu kelakuannya;['None'];
siddiq_bin_achmad24;Itu baru alat berat ny kita liat nanti orang laknat itu kena azab;['None'];
brady_t_suryanto;Itu bisa jadi tutorial bagi yg belum tahu caranya wudhu sholat dan berdoa;['None'];
ardi_aya;Itu budak baru lahir kok fitnah Pagi udah bikin emosi orang itu anjing;['None'];
fathur_136;Itu bukan urusan saya;['None'];
alfiathan;Itu bukti kecurangan banyak ya min pokoknya terstruktur sistematis dan masif namun sdh di ajukan MK MA semuanya di tolak terus bagaimana min buat gerakan berdoa bersama juga udh finally ini realitas tuhan yg di berikan;['None'];
elin_elsap_hadecollection;Itu bukti ya min bukti ada kecurangan;['None'];
agustiangita;Itu d kp saya sukabumi;['None'];
