Comment;Target;Label
N_Target sabaaaaar;['dayak162'];Not_Hate
N_Target sabaaaar;['kupanji'];Not_Hate
N_Target sabaaar;['sesamaulida'];Not_Hate
N_Target sabaaar Kok abng emosi;['medanimedani'];Not_Hate
N_Target sabaar bng;['hanafiamische'];Not_Hate
N_Target sabar bang;['dayak162'];Not_Hate
N_Target sabar bng Sabaar Ane kn cm bermaksd mengingatkan penderitaan abng;['ahmad0809_gw'];Not_Hate
N_Target sabar pak mending kita gaungkan;['rikoseptianton'];Not_Hate
N_Target sabar sabar;['noni9112'];Not_Hate
N_Target sabbar mas;['dilafeby'];Not_Hate
N_Target sadar gimana kan boneka;['ismawan_06'];Not_Hate
N_Target sadar mba sadar;['dianmaharani1991'];Not_Hate
N_Target sahabat yg baik bng Ketawa bareng nangis bareng bahagia bareng gila abng sendiri aja ane ngk ikut;['bamzwidodo'];Not_Hate
N_Target saham anjlok itu buktinya;['regarborneo'];Not_Hate
N_Target sakidd yg tidak berdarah mas;['alfi'];Not_Hate
N_Target saking khuzhuknya si habib dia berencana umroh tahun;['pangeranbelut'];Not_Hate
N_Target sakit brow;['tugiosblues869'];Not_Hate
N_Target sakit pasti disentil sampek ususnya;['ye_u_ye_u_en'];Not_Hate
N_Target sakitnya luar biasa;['nia'];Not_Hate
N_Target saksikan ilc full dengan menyimak dipahami dan dipikirkan Insyaa Allah jelas maksudnya;['mulatosigit7'];Not_Hate
N_Target salah guru;['rochayati4'];Not_Hate
N_Target salah mbak yg bener presiden rasa hambar;['pelangi_air_mata'];Not_Hate
N_Target salah satu cara mencari dukungan di internasional untul merdeka;['rafi___al___khadafi'];Not_Hate
N_Target salah satu dong bang;['heendiisurya'];Not_Hate
N_Target salahkan orangnya bukan ras nya;['idhaadha178'];Not_Hate
N_Target salam;['nurul'];Not_Hate
N_Target sama;['keadilanrakyatindonesia'];Not_Hate
N_Target sama Sist;['yunia_fatmawati'];Not_Hate
N_Target sama aku juga blepotan;['keadilanrakyatindonesia'];Not_Hate
N_Target sama kita mba toss waktu pa anies awal gabung kubu prabowo sempet dibecandain pak amien waktu pengajian di masjid al azhar itu ada junior saya di ugm rantang runtung sama jkw alhamdulillah sekarang sudah sadar jadi pak amien juga sempet heran dgn pa anies ko bisa nya ada di kubu sana hahaa;['kunadnanm659'];Not_Hate
N_Target sama kok we ngga tau yah;['adit'];Not_Hate
N_Target sama sama bos;['agustinkharis'];Not_Hate
N_Target sama wkwkk;['5171jasmine'];Not_Hate
N_Target sambas gmn;['amalia_alro'];Not_Hate
N_Target sami Allohu limankhamidah;['ijahmuis'];Not_Hate
N_Target sampe;['ririen_urra_ayhu'];Not_Hate
N_Target sangat memalukan kalah ya kalah aja nyungsep ya nyungsep aja;['pb_1932'];Not_Hate
N_Target santuy aja Mbak Kita tidak tau permainan politik seorang Jendral sperti Prabowo Dan satu hal yg harus kita yakini bahwa tidak ada seorang prajuritpun yang berjiwa penghianat Dan itu termasuk kepada panutan kita Prabowo Subianto;['linnydharma'];Not_Hate
N_Target sapa siiihhhh yg dari soloooooo;['premantobat073'];Not_Hate
N_Target sapa yg goblok loh atw gue;['shaoguskar'];Not_Hate
N_Target sapa yg takut cuma perusuh doang ya pantes bisanya cuma demo doang;['bubles_beauty'];Not_Hate
N_Target saran saya jangan anti asibg hp ente juga buatan asing banyak media indo tuh sdh siarkan pakung tidak sdh ada oengakuan kalau semua ada provikasinya pendemo juva mengakui kalau mereka teetipu oleh aktor lapangannya damai itu enak jabgan dijadikan ALAT KETIDAK MAMOUAN MENGHADAPI KEKALAHAN;['tatang'];Not_Hate
N_Target satir satir;['fityalifia'];Not_Hate
N_Target satpamnya takut di marah atasanya om;['ded_enyoy'];Not_Hate
N_Target satpamnya terpesona sm bpk anying dgn kata nya mknya satpamnya diam bae;['akalmu_kudu_sehat'];Not_Hate
N_Target satu orang cina perwakilan cina pada umumnya;['yusufswn'];Not_Hate
N_Target satu pulau sumatera kita merdeka;['eddy_mentor_paytren'];Not_Hate
N_Target saya biasa ubanan di cabutin putri saya yg pertama;['ririen_urra_ayhu'];Not_Hate
N_Target saya ga merasa punya Presiden Min Saya hanya merasa sangat punya Gubernur hebat;['pelangi_air_mata'];Not_Hate
N_Target saya hutang negara indonesia tanggung jawab berdua sama belio president IR H JOKOWIDODO siap berapa trilyun pun belio yg carikan saya tanggung jawab mau Arab swiss;['ririen_urra_ayhu'];Not_Hate
N_Target saya jga dari Aceh tapi tdk merasakan;['zumuctar0879'];Not_Hate
N_Target saya juga minta data hutang pemerintah yg sekitar triliun;['alia_galb'];Not_Hate
N_Target saya mah pecinta wanita bukan;['rahayu_maurer16'];Not_Hate
N_Target saya mau nya Mobil Esemka janji kan mau praduksi mobil Esemka;['agusduriat48588'];Not_Hate
N_Target saya mendukung Ahok jdi ketua rt;['moestofa2'];Not_Hate
N_Target saya pesimis;['syidmen_'];Not_Hate
N_Target saya sdh punya anak mbak;['pelangi_air_mata'];Not_Hate
N_Target saya setuju banget kok banyak pihak luar negeri yang merasa pak anies malah yang presiden nya saya setujuuuu banget dongg mereka lebih berintelektual yang tinggi tidak mementingkan kepentingan pribadi dan partainya saja mereka LEBIH BERWIBAWA dibandingkan yang kamu pilih atau yang menurut kamu bagus mereka jugaa sudah banyak bukti apalagi semenjak pa anies yang jadi gubernur Jakarta di buahi puluhan piagam untuk Jakarta gubernur yang kemaren sampe marah mana noh ga ada pencapaian piagam untuk Jakarta satu pun;['abrahamduta86gma'];Not_Hate
N_Target saya setujuuuu karena beliau cerdasssss kalo sambutan di luar negri dg bahasa inggris pasti jago kerennnnnnn;['abrahamduta86gma'];Not_Hate
N_Target saya tidak sekolam ya Saya tetep setia;['nura_moms'];Not_Hate
N_Target saya yakin bisa;['suryawatiaji'];Not_Hate
N_Target sdg berkembangbiakmusim hujan soalny;['fera_tommy'];Not_Hate
N_Target sdh ada beritanya bng Listrik dikelola china;['m'];Not_Hate
N_Target sdh bebas masbro;['dedegpidekso12'];Not_Hate
N_Target sdh bebas tapi tetap saja jadi sandal jepit dan keset kaki sementara elite makan enak dan bagi kekuasaan;['sriumamah'];Not_Hate
N_Target sdh bun Presiden rumah tangga Hhhaaa;['uma_mahdumah'];Not_Hate
N_Target sdh jelas;['al_jasum_muhibbin'];Not_Hate
N_Target sdh terhapus;['bundarahmah_nany'];Not_Hate
N_Target sdhlah bng Bakal binggung kl melihat cr berfikir mereka;['opik_cahya'];Not_Hate
N_Target sebenarnya bukan Agamanya yg salah namun pemeluknya itu yg gak terlalu memahami sama agamanya sendiri Andaikan dia paham sama agamanya pasti ia akan menjadi orang super baik;['paulusnaeksitompul'];Not_Hate
N_Target sebenarnya nggak pingin ngetawain tp kok ya kebangetan alay nya Astaghfirulahaladzim;['premantobat073'];Not_Hate
N_Target sebenarnya sayang bgt ya aku gk bs dTang;['kojiro'];Not_Hate
N_Target sebenarnya yg ciptain cina ini siapa sih kok bikin umat ga tenang aja sih;['nabrisputra'];Not_Hate
N_Target sebenernya ngk percaya kok Cm lg dimanipulasi;['renee_aml'];Not_Hate
N_Target sebutkn yg hoax yg mn bu Nanti sy kasih data;['dianmaharani1991'];Not_Hate
N_Target secara konstitusi jokowi pegawai outsourcing taunan yg kita gaji kok ngapain malu sama pegawai sendiri;['bubles_beauty'];Not_Hate
N_Target sedih gue baca nya wkwkwkwk tolol loe ih benci siapa loe Pemerintah Jokowi Siapa Gak ada otak lw gak tau diri;['engdwi'];Not_Hate
N_Target sedih juga;['epindgolit'];Not_Hate
N_Target seharusnya anda bisa mikir;['fahrul'];Not_Hate
N_Target seharusnya anda mikir karena Anda sudah dewasa;['fajrin_azmar'];Not_Hate
N_Target seharusnya gimana kalau jawab takbir;['rahmaddani89'];Not_Hate
N_Target sejak jd gubernur dki jg sy mh udh kesel;['alan_asikgaasik'];Not_Hate
N_Target sekali curang tetap curang;['evisofiyah_12'];Not_Hate
N_Target sekali kali;['pejuang1745'];Not_Hate
N_Target sekarang km tinggal memikirkan kemajuan negara demi anak cucu tdk berlarut dgn kegiatan yg tak berguna;['asep_syaepullah99'];Not_Hate
N_Target sekarang terbaru sepeda an sama istrinya Duh ya Alloh enak amat hidup jae rakyat kelimpungan dia hepy hepy ga perduli;['savana_7875'];Not_Hate
N_Target selama ini Kan gitu bro beda pandangan politik ditangkap beda banyak yg Hina Pak Prabowo as Capres B aja Hina Pak jokowi langsung ditangkap;['kurnia_udi'];Not_Hate
N_Target selamat menikmati kecurangan;['2019gantiwakilpresiden_'];Not_Hate
N_Target selamat menikmati kekalahan dan ketololan yg hqq Wkwkwkwkwkwkwkwkwk N_Target;['farhan', '2019gantiTuhan'];Not_Hate
N_Target semangat;['lilisulaeman'];Not_Hate
N_Target semangat pak otto saya percaya dengan dedikasi anda dalam dunia hukum;['ottohasibuan'];Not_Hate
N_Target semangat sanyangku;['riskaseptiamutiara'];Not_Hate
N_Target semangat yah cm sampe ko ntar q bantuin ko;['nabilaregia'];Not_Hate
N_Target semoga;['nauraghozi'];Not_Hate
N_Target semoga ada cara menjatuhkn sesuai konstitusi;['sesamaulida'];Not_Hate
N_Target semoga allah bukakan hati nurani dan balikan pemikiran nya;['niamaulana_22'];Not_Hate
N_Target semoga cepat sembuh tuuh so Abu;['najla_azzahra17feb'];Not_Hate
N_Target semoga dimudahkan aamiin;['premantobat073'];Not_Hate
N_Target semoga jawa berikutnya;['sukri'];Not_Hate
N_Target semoga jurinya diisi orang jujur yg takut sama Allah SWT;['diiiginting'];Not_Hate
N_Target semoga mereka hengkang;['pedrinansatriani'];Not_Hate
N_Target semoga semakin nyungsep;['adirizalf_abf'];Not_Hate
N_Target semoga sj gak bener say mo di bikin apa negri ini;['halimatussadiyah_77'];Not_Hate
N_Target semoga tidak darah tinggi dan semoga nyungsep;['adinda_cyng'];Not_Hate
N_Target sempak Ah k;['toro'];Not_Hate
N_Target semua subsidi dicabut ya min uang subsidi nya dikemanain itu kepo mode on;['premantobat073'];Not_Hate
N_Target sengaja;['rin2988'];Not_Hate
N_Target seperti kamu yang baru lahir gak jelas;['_lexnst'];Not_Hate
N_Target serah lo;['hatefulduck'];Not_Hate
N_Target seram;['etikaghozali'];Not_Hate
N_Target serem emang perempuan klo siklus wkwk;['pelangi_air_mata'];Not_Hate
N_Target seru nih rela g ngampus demi live stream wkwk;['pratamaputra_6661'];Not_Hate
N_Target setidaknya sudah ada bukti bahwa rakyat kurang mampu yang pas itu di gusur ahok secara paksa itu udah pada sejahtera guru honorer juga pas jaman anies itu sejahtera MOVE ON MASS JAMAN AHOK ITU CUMA OTORITER TAPI GA ADA KERJANYA;['abrahamduta86gma'];Not_Hate
N_Target setuju;['gastian_iel'];Not_Hate
N_Target setuju MANTUL;['ong_geng'];Not_Hate
N_Target setuju bang kita sama sama dari kalimantan;['ong_geng'];Not_Hate
N_Target setuju bos;['arihanvil'];Not_Hate
N_Target setujuhhhhh;['dayak162'];Not_Hate
N_Target setujuhhhhhh;['ism617'];Not_Hate
N_Target setujuuu;['haysia81'];Not_Hate
N_Target setuujjuuu kurang hebat gmna coba pertmbuhan ekonomi Neraca perdagamgan Bumn Semua meroket;['hendrajay8881'];Not_Hate
N_Target si jae di lantik jadi rt;['farrel'];Not_Hate
N_Target siap Mak datang ya;['ema'];Not_Hate
N_Target siap berjuang;['idrus_alidrus'];Not_Hate
N_Target siap cina Komunis akan menjajah Indonesia karena jokowi lebih beduli bangsa cina komunis dari pada bangsa sendiri pemerintah jaman konyol;['arief_pratama2'];Hate
N_Target siap makasih atas sarannnya;['_adiel'];Not_Hate
N_Target siap min;['annasputrakaili'];Not_Hate
N_Target siap tp FPI dulu aja yg bubar biar kamu bs istrhat capek kan FPI segala isu di sebarkan tp hasil ya nol BESAR istrhat dulu yah mksih;['zakysef'];Not_Hate
N_Target siapa bro;['antotok97'];Not_Hate
N_Target siapa yg bilang semua china gitu njir _;['mhmmdsjordy_'];Not_Hate
N_Target siapa yg ngomongin teroris orang lagi ngomongin PKI;['mjamallud1n'];Not_Hate
N_Target siapp min wkwk;['pejuangislam466'];Not_Hate
N_Target siasatnya sudah dilakukan dari sekarang;['kabayanvan'];Not_Hate
N_Target sibuk mobile legend;['harnisrg'];Not_Hate
N_Target sibuk nonton wayang;['pejuangislam466'];Not_Hate
N_Target sieun mereun;['h'];Not_Hate
N_Target siiip;['raysmilakarmila'];Not_Hate
N_Target sijoko;['titiekfachlevi'];Not_Hate
N_Target simak yg dislide ke cewenya ga ngapa ngapain tiba tiba dikatain anj ng ngen t si cewe ga terima terus rekam tuh muka cowok yg ngatain dia;['ridwan0621'];Not_Hate
N_Target sing sabar yo;['usman_linda'];Not_Hate
N_Target sipp;['premantobat073'];Not_Hate
N_Target sirik ya;['yosiasimanungkalit'];Not_Hate
N_Target slogannya kerja kerja kerja tp bumn bangkrut utang nambah;['fendyarmansah'];Not_Hate
N_Target sm FPI ya yg ijinnya sdh habis;['bubles_beauty'];Not_Hate
N_Target smpe dsitu sdh;['pelangi_air_mata'];Not_Hate
N_Target soal hati gabisa boong;['mhmmdrizalp'];Not_Hate
N_Target soalnya mereka biasa pake stuntman Makanya isi kepalanya selalu penuh tuduhan;['si_qianzy'];Not_Hate
N_Target sok action dia min;['heendiisurya'];Not_Hate
N_Target sorry bos sy prabowo;['akkaqinna65'];Not_Hate
N_Target sorry ralat kmren itu tgl dan juga kejadian di surabaya;['_adiel'];Not_Hate
N_Target sory mas tolong bedakan cina komunis dan etnis karna itu beda;['kolektor_rombenx'];Not_Hate
N_Target sotoy lu udah jelas bentukan cebong mulut isi comberan semua begitu kok;['cahyoemiryl_'];Hate
N_Target ssstt;['diahsiswara'];Not_Hate
N_Target ssstttt Bukn rahasia lagi;['cat_and_dogmu'];Not_Hate
N_Target sstttt;['baizawialfarisyi'];Not_Hate
N_Target sszztt jgn kenceng ntr si anu denger kamu ntr keciduk;['claudiafadillah7407'];Not_Hate
N_Target sttttt;['pejuang311'];Not_Hate
N_Target stuju;['kinkinkindawati'];Not_Hate
N_Target stupid people;['puji_sutomoo'];Not_Hate
N_Target sudah;['pusat_pendaftaran_paytren2'];Not_Hate
N_Target sudah dimaafkan;['aliyahzaii'];Not_Hate
N_Target sudah maaf sampai saat ini kami belum tertarik untuk bergabung paytren subhat;['denimentorpaytren'];Not_Hate
N_Target sudah tau harga mati knapa masih berulah itu mulut mpok ada udang nya nggak kira di balik batu yg jelas sakit hati krn kalah;['sitielah5'];Not_Hate
N_Target sultan mah bebas yaahh;['jhondayat1821'];Not_Hate
N_Target sumpah bng Bukn presiden ane Presiden abng x;['ahmad0809_gw'];Not_Hate
N_Target surplus lumayan buat dpnjamkan dana pindahankan msih kurang banyak;['mr'];Not_Hate
N_Target sy ibu;['premantobat073'];Not_Hate
N_Target sy jg kecewa bnget dcurangi eee malah merangkul nya;['dedegpidekso12'];Not_Hate
N_Target sy sdh kirim buktinya lewat DM ya bos;['agustinkharis'];Not_Hate
N_Target sya rasa lebih banyak orang yang TIDAK MENERIMA DAN KECEWA daripada yg menerima dan tidk kecewa;['toto'];Not_Hate
N_Target syaik ya ukhsay sekolam di mn pun berada;['muserref_ozdalli'];Not_Hate
N_Target syukron thy;['ummu_ahmad_yusuf_harun_arasyid'];Not_Hate
N_Target tafadhol;['wijayakusuma436'];Not_Hate
N_Target tah kitu wa bentes ngomong na;['fajar_amrifadila'];Not_Hate
N_Target takada otake mana punya malu;['nabilasyakila04'];Not_Hate
N_Target takbir;['keadilanrakyatindonesia'];Not_Hate
N_Target takbir ALLAHUAKBAR;['nakamura1987_'];Not_Hate
N_Target takut di hutangin apa gmn;['ariy354'];Not_Hate
N_Target takut kalo betindak dia masuk bui lagi bang;['muslimfeldy'];Not_Hate
N_Target takut sama rentenirnya;['nurullchoiriyah'];Not_Hate
N_Target tambah;['ananuryanah67'];Not_Hate
N_Target tambah rieweh negara kita;['alvaro'];Not_Hate
N_Target tambh masalah ini mah;['dzulfikar_1'];Not_Hate
N_Target tangkap akun provokatif ini;['divisihumaspolri'];Not_Hate
N_Target tanya MUI;['zuneefi'];Not_Hate
N_Target tanya MUI MUI yg dibawah kh ma ruf amin Yg menggaungkan islam nusantara Oh jelas tidak;['indra_haeruddin'];Not_Hate
N_Target tanya aja sama yang bersangkutan masalahnya min;['zaldy_muhamad'];Not_Hate
N_Target tanya jokowi saja mbk jangan tanya sherly;['eva'];Not_Hate
N_Target tapi awas beneran mujahidah min jangan yg gado gado;['premantobat073'];Not_Hate
N_Target tapi kenyataan nya mereka tetap ada Dan kita tak bisa buat banyak;['abdi_mbm'];Not_Hate
N_Target tapi kok bisa jd presiden yo;['susanto1305'];Not_Hate
N_Target tapi kok nggk ada yg bantu yah;['mhmdarbaslmn__'];Not_Hate
N_Target tapi yg model begini yg disukai warga kolam seperti waktu itu;['desi'];Not_Hate
N_Target tau nggk waktu ada polisi yg akhirnya buka suara soal arahan menangkan di daerah kita ngalamin sayyyyy hahahah;['emangchincai'];Not_Hate
N_Target tau tuh ada rasa mungkin sama mimin;['yatnaafri'];Not_Hate
N_Target tau tuh bawa kepapua aja;['datan_nasution'];Not_Hate
N_Target tauh ajaa siihh wwkkk;['khanzake99'];Not_Hate
N_Target tdk tau smua utk kt bersyukur;['rauff_alminangi'];Not_Hate
N_Target teman teman sebelahnya nahan tawa takut dosa;['ariesabuhabibie'];Not_Hate
N_Target tenggelam selamanya nyungsep ke laut;['di2k_w'];Not_Hate
N_Target tentara terhebat ayo geh nyemplung k papua;['banser_nasional'];Not_Hate
N_Target terima kasih;['putra_banned'];Not_Hate
N_Target terimakasih bu clear;['bunda'];Not_Hate
N_Target terserah ini mau bikin bank ya terserah orang yang banyak duit lah bebas mau ngapain aja yang penting bukan duit negara dipake;['rahmaronald'];Not_Hate
N_Target terserah sya donk;['novan_apramadana'];Not_Hate
N_Target terus abis berak tai nya lu makan biar ikutan stres nya;['mochanoy'];Not_Hate
N_Target tetap Bangga punya pemimpin kek gitu;['diniyati_1995'];Not_Hate
N_Target thanknyou;['irasafitri53'];Not_Hate
N_Target the best;['ayu_prianti'];Not_Hate
N_Target the next fir aun ya min;['kolam_cebong'];Not_Hate
N_Target tiati di liat orng nya jgn di tag yaa;['randyboysk'];Not_Hate
N_Target tikus got macam ini mantranya di racun aja biar ga nular virusnya;['kadal'];Not_Hate
N_Target tinggal d hutan ya kak;['sujatwika'];Not_Hate
N_Target tinggal formalitas aja negara nya sendiri udah hancur;['medanimedani'];Not_Hate
N_Target tinggi dong bng;['y'];Not_Hate
N_Target tk ngibul;['nanapriya88'];Not_Hate
N_Target tnda nya makin dekat;['helmy_atjehtimoer'];Not_Hate
N_Target togog cap kodok;['kekuatan_45'];Not_Hate
N_Target tolol Picek lu Manaa;['ajibdani'];Not_Hate
N_Target tololnya keliatan banget;['mjamallud1n'];Not_Hate
N_Target tolong budayakan menghargai etnis orang lain karna tidak menghargai sesama manusia itu mutlak sifat komunis;['kolektor_rombenx'];Not_Hate
N_Target tolong di perjelas Itu yg di coblos paslon nomor berapa bro Mohon info yg jelas Dan kalo ada kejadian begini pasti sudah ada pemungutan suara ulang Tolong kasi info yg jelas;['diyan_samijo'];Not_Hate
N_Target tolong di usut di pak;['jokowi'];Not_Hate
N_Target tolong lh musnahkan saja bni togog jgn bwa mereka ke kalimantan;['estu'];Not_Hate
N_Target tolong pak di kaji gubernur papua ini pak mau jadi apa kalo mereka berpikiran begini;['jokowi'];Not_Hate
N_Target tolong tafsirkan ayat ini QS Muhammad N_Target biar jg paham;['gusmiftah', 'mastercorbuzier'];Not_Hate
N_Target tpi dongo;['doohanmayuga'];Not_Hate
N_Target tpi percuma gak ad Jokowow lagi wkwkk;['aulia_wirasaputra'];Not_Hate
N_Target trims jarinya jempol semua;['pelangi_air_mata'];Not_Hate
N_Target trs anda kira postingan ini ga memperkeruh suasana liat tu mata;['ong_geng'];Not_Hate
N_Target trs pilih siapa;['yani'];Not_Hate
N_Target true mereka akan menularkan ke generasi milineal melalui psi;['woles_10'];Not_Hate
N_Target trun ke sby ajh biar tau;['alpasya30'];Not_Hate
N_Target trus ini apa bng;['langit_bumi_soundsystem'];Not_Hate
N_Target trus ngk pernh perkutut eh ketilang gitu;['kolam_cebong'];Not_Hate
N_Target ttp;['devirahardjo733'];Not_Hate
N_Target tu ba a lai;['2019_harapan_baru'];Not_Hate
N_Target tugas pemerintah lah kerja lha wong dibayar rakyat kok Masak urusan negara juga saya yang harus mikirin;['alfinamahadewi11'];Not_Hate
N_Target tuh Bong dengerin;['indonesiabertauhiid'];Not_Hate
N_Target tuh lain kali pake basmallah;['yatnaafri'];Not_Hate
N_Target tuhan bersama jiwa jiwa manusia yang santuy;['bodosan'];Not_Hate
N_Target tujuan pindah utk apa ya;['rismazuroida'];Not_Hate
N_Target tukang bubur apalagi;['__akhwat'];Not_Hate
N_Target tukn lu tetep goblk ini semuakan ulah junjungn lu yg kemren lu agung kan di mk skrng udh begni lu salahin pemerintah seakan pemerintah yg bkin klo ga karna junjungn agung lu ga akan ad masalah kaya gini otak kecil lu walaupun ga bermutu tp msh bisa dipakekan Ada masalah kaya gini bukannya prihatin malah trs dikomporin;['agung_f1s10'];Not_Hate
N_Target tul;['greengrass988'];Not_Hate
N_Target tul sekaleeee;['santipanon_kurma'];Not_Hate
N_Target tunggu jm bng Nanti bs lagi Insyaallah Ane sering kek gitu;['nicoagan'];Not_Hate
N_Target tunggu kbar selanjutnya aku post krn bnyak yg ditangkap bahkan hilang;['joesiregar'];Not_Hate
N_Target tunggu okt;['riasukma21'];Not_Hate
N_Target typo gaes deskripsi ente;['pelangi_air_mata'];Not_Hate
N_Target ubek kampuang se lai sanak d rmh sakik ubek generik yg d agiah nyo t BPJS maha lo pelayan Ndak Lo rancak;['rahayu_maurer16'];Not_Hate
N_Target ucapaan nya yg ga yakin;['agusduriat48588'];Not_Hate
N_Target ud mkn duit ga halal msuk bui Biar tau rasa;['miftakhul_firdaus96'];Not_Hate
N_Target udah bebas cuuuy update dooong setiap sono minta ketemu pasti ada kebaikan bwt jd jgn mau di bodohi;['dedegpidekso12'];Not_Hate
N_Target udah kaya judul film ya;['johnzaky21'];Not_Hate
N_Target udah lama training di japan ya di kota mana aja;['ozusano'];Not_Hate
N_Target udah tala kalo kalah ya kalah aja;['achmadsatria05'];Not_Hate
N_Target udah tau kalah masih aja ga mau nerima;['rahmadhani1717'];Not_Hate
N_Target udahputus urat malu;['octha_octhari'];Not_Hate
N_Target udh baca;['ugoxpratama'];Not_Hate
N_Target udh biasa;['pancarsarana'];Not_Hate
N_Target udh kontolnya kecil muka kek babi makan ajg BANGSAT KAU cina;['ahmad_mulachela'];Not_Hate
N_Target udh liat;['satrio_123456'];Not_Hate
N_Target udh min;['ikemen_tv'];Not_Hate
N_Target udh punya KTP Wkwkwkkw;['umma_kamal'];Not_Hate
N_Target uiiikkk Sttt Betul sih bng;['barzcoituzers'];Not_Hate
N_Target ujung dr jwbn;['naufalrn_'];Not_Hate
N_Target ulama bukan Ustad juga bukan Bisa di bilang dia hanya orang orang biasa aja tuh buat saya;['brotose8'];Not_Hate
N_Target ungkapan RASA JENGKEL HATI KEPADA PRESIDENT YANG GAGAL;['islam_cahayahidupku'];Not_Hate
N_Target untuk demo N_Target harus di bayar rupanya kasian ni seknas Jae keciduk;['cacaa', 'aniesbaswedan'];Not_Hate
N_Target up;['jakfarfadholi'];Not_Hate
N_Target urang cilik lg yg dihimpiiit;['rahayu_maurer16'];Not_Hate
N_Target urat malu dah putussss;['dudi_supriadi212'];Not_Hate
N_Target urat malunya gada yg ada w yg maluuuuu;['nonongxx'];Not_Hate
N_Target urat wis putus tebal muka yg di menangkan KPU Bawaslu dan mk gak takut azab Nya Allah subhanahu wa Ta ala;['my_zaenal'];Not_Hate
N_Target ustadz Banser;['gusmiftah'];Not_Hate
N_Target utk kita bersyukur;['zakysef'];Not_Hate
N_Target vangkeeh mr bean loh;['fanfan8103'];Not_Hate
N_Target viralkan;['dayak162'];Not_Hate
N_Target wa alaikumsalam bng Met ishoma yaa;['kolam_cebong'];Not_Hate
N_Target waaahhhh KEREN BANGET mama Non Saya SUKA Saya SUKA PRABOWO PRABOWO PRABOWO Bergetar hati ini mendengar nama bapak Presidenku diteriakin Rakyat Indonesia maayarakat Bandung mam Hatur Nuhun Sadayana;['ernakai'];Not_Hate
N_Target wadaaaaaw gk bisa gitu;['dayak162'];Not_Hate
N_Target wadoh libya sekarang diserbu antek aseng kafir sipit dah;['smith_fariz'];Not_Hate
N_Target waduu gawat niorang;['pelangi_air_mata'];Not_Hate
N_Target waduuhh kasian kan istrinya;['premantobat073'];Not_Hate
N_Target waduuuh;['randyboysk'];Not_Hate
N_Target waduuuh Jujur amat lu bang;['mohammadmardiono'];Not_Hate
N_Target wajar aja sih masyarakat udah muak sama hukum di Indonesia Yang jelas didepan mata aja ditabrak Lho nyuruh pakai ilmu disodorin ilmunya dibantah maunya apa bong;['munhamir94'];Not_Hate
N_Target wajib di binasakan neo pki komunis dari nkri krn sejarah mereka penghianat bangsa NKRI;['bravenia1204'];Not_Hate
N_Target wakakakak ga usah sok ngomongin iq laah njing;['faiz_nizhamuddin_aslam'];Not_Hate
N_Target wakakakakak loe sok nulis statemen tapi ga bisa pertahanin goblok ternyata;['adhitya2107'];Not_Hate
N_Target wakakakakakakakaka ngakak nungging;['__t0mp3z__'];Not_Hate
N_Target wakil nya sandiaga;['dhyanprabowo'];Not_Hate
N_Target wakilnya prabowo ya;['sang'];Not_Hate
N_Target waktu jaman jadi mentri pendidikan muda bgt ya kalo yg sekarang kliatan makin cerdas heheheh gubernur rasa presiden;['thegiantboy'];Not_Hate
N_Target waktunya istirahat agus cahyono;['pelangi_air_mata'];Not_Hate
N_Target walau gue juga emak tapi beda lah Gue gak kayak emak sebelah tuuhh yg masuk manis manja grup;['samsuarofficial'];Not_Hate
N_Target wan abud kerjaan melancong trus ke luar negri Nol prestasi wkwkwkwkwkwkw wan abud wan abud wkw;['ikhwalmaulana57'];Not_Hate
N_Target waras;['butikartz'];Not_Hate
N_Target warga negara nguyen bebas om presiden berhutang banyak dengan negara mereka dan mereka tau negara bakal ga sanggup bayar jadi mereka semena;['yusuffirdaoes'];Not_Hate
N_Target wayangmah tinggal nunggu dalang memainkannya;['ummu_ahmad_yusuf_harun_arasyid'];Not_Hate
N_Target wc;['___'];Not_Hate
N_Target wess;['rasyidsz'];Not_Hate
N_Target wkwk;['shantymawardi97'];Not_Hate
N_Target wkwk jngan lupakan cctv yg dipasang pak ahok yg bisa bantu polisi nangkep pelaku rusuh kemarin trus jalan yg dibangun dengan apbd trus RPTA itu masalah bis kan yg ditolak karna masalah keamanan gak sesuai standar wan abud apa sih cumak pintar bacot doang tapi sayangnya dya hebat karna sudah menjadi gubernur dibanding gue yg cumak rakyat biasa;['warkopnusakambangan'];Not_Hate
N_Target wkwk parah itu haha;['annathea1708'];Not_Hate
N_Target wkwkekek Berarti cahaya baik banget ya sering shodaqoh sama polisi;['pelangi_air_mata'];Not_Hate
N_Target wkwkkw dicoba ya;['_assistant'];Not_Hate
N_Target wkwkkwkw;['shellynurulmarfita'];Not_Hate
N_Target wkwkw;['ngiwonengen_'];Not_Hate
N_Target wkwkw basoka itu;['hidayani1307'];Not_Hate
N_Target wkwkw ngga tau;['rin2988'];Not_Hate
N_Target wkwkwk;['chanozzz'];Not_Hate
N_Target wkwkwk Betul betul berul;['dimitria1130'];Not_Hate
N_Target wkwkwk Komen lau diapus bro Bukannya lau cebong yg komen prabowo nyungsep Cebong teriak cebong lau bro Bro gak usah repot masukin kerja org Budaya bawa org mpe kapan mau diturunin gak maju maju klo dikit dikit masuk kerja karna dibawa Gw sekolah bro ngandelin ilmu pengetahuan yg gw dapet buat kerja Bukan ngandelin biar dimasukin;['farrel'];Hate
N_Target wkwkwk Kuli batu bara yg sebentar lagi digantikan listrik toh Kartap bro Ati ati muke dekil;['farrel'];Not_Hate
N_Target wkwkwk Ngakak ane bng;['dedi_riadi_'];Not_Hate
N_Target wkwkwk Ngakak kaksay;['heny'];Not_Hate
N_Target wkwkwk itu NKRI harga mati hahha;['imamsupriyatman81'];Not_Hate
N_Target wkwkwk jangan ente pengen kerja di pama yach sini ke tanjung tabalong ntr gw masukin;['alle_man87'];Not_Hate
N_Target wkwkwk la itu bikin rusuh provokator kan postinganya;['ong_geng'];Not_Hate
N_Target wkwkwk ngotot pindah ibukota pula Siap hutannya ditebang Nanti kalo berdampak negatif menyesal tiada guna;['enthung_tenan'];Not_Hate
N_Target wkwkwk siapa tuhh;['tonnmarino'];Not_Hate
N_Target wkwkwkkwkw maklum taek ngomong taek ya gitu bang wkwkwkw ngumpet;['z'];Not_Hate
N_Target wkwkwkkwkwk kangen nyentil rezim;['pelangi_air_mata'];Not_Hate
N_Target wkwkwkwk Jokkk jokkk Khachaww Suka sukalu dehh jokkkkkk;['panji_djiepan'];Not_Hate
N_Target wkwkwkwkwk;['nisaindahgustiawitri'];Not_Hate
N_Target wkwwk;['uj_mv_25'];Not_Hate
N_Target wkwwk doain ya hehe;['_alpasya_'];Not_Hate
N_Target wlaikum slam bebas gan;['ra'];Not_Hate
N_Target wong Nias mna suaranya kasi tau uwongnya young klu di omongi ngeyel;['ferrijuniansyah'];Not_Hate
N_Target wow ga nongol di berita;['lenny_maelani82'];Not_Hate
N_Target woy sadar napa sadar;['jokowi'];Not_Hate
N_Target wuidiiiiii mantul;['premantobat073'];Not_Hate
N_Target wwkw;['cachaaliza'];Not_Hate
N_Target x lipat ya mbak macam tarif tol main lipat aja;['raniz_maniez'];Not_Hate
N_Target ya Lah Banser kan punya pimpinan yg Deket mau kaum ya emng FPI pemimpin menjauh hehehe upz maaf;['rahmaddani89'];Not_Hate
N_Target ya benar anda baru saja memberi tahu publik klo OTAK sma PEMIKIRAN lo ga di pake klo ngomong o n kader partai lo tu yg hrs nya mundur sok pinter lo bong;['rianernest'];Not_Hate
N_Target ya berarti ikut sebagian ulama bukan seluruh ulama;['zuneefi'];Not_Hate
N_Target ya biar uang T bisa buat bancakan bos;['ilhamariffff'];Not_Hate
N_Target ya elah dasar kudet;['da'];Not_Hate
N_Target ya juga y;['beniagung39'];Not_Hate
N_Target ya mk nya sama pak prabowo udah tau pasti ditolak sama mk cuman usaha aja dulu ehh tau samanya;['irawandv'];Not_Hate
N_Target ya ngak tau ya ko mo tanyak saya bukan urusan saya;['yudho11'];Not_Hate
N_Target ya semoga Allah membukakan cara berpikir mereka dan membuka kan mata hati mereka Islam mengajarkan kita untuk saling mengingatkan menumpas kedzaliman menegakan keadilan karena yang rugi bukan satu orang semoga allah membuka pandangan mereka;['pelangi_air_mata'];Not_Hate
N_Target ya si cino cuma bisa nya bilang tai dan emosi gimana mau berprestasi ya beda kelas lah;['cacaa'];Not_Hate
N_Target ya wan Abud cocok bgt jd presiden presiden haluuu;['yenitetriyana_'];Not_Hate
N_Target yaa gitu dah cing;['rai'];Not_Hate
N_Target yaa per PT besar d indonesia bangkrut ntah apa lagi setelah ini semoga kita semua di berkahi Allah aamiin;['ailinwulandari'];Not_Hate
N_Target yaa solusinya ganti presiden neng insya AlLah berkah aamiin;['dianmaharani1991'];Not_Hate
N_Target yaa udaahhh doonkk Kan gw emak;['indonesia1700945'];Not_Hate
N_Target yaa yaa tpi sby bnyk jga dak sukses kuran g elok;['santipanon_kurma'];Not_Hate
N_Target yah cebong;['arifaris_city'];Hate
N_Target yak betul negeri taik land pemimpinnya si raja kodok rakus;['haysia0208'];Not_Hate
N_Target yakin doi pake bhs ing Yg dgr ngerti gk I ting hi red somtin wic was riten bifo alias;['hira'];Not_Hate
N_Target yang bilang sdh pada stress berarti otaknya di dengkul;['rizki_harun'];Not_Hate
N_Target yang di bahas di sini mana tindakan jokodok sebagai pret siden;['miswari_eliont'];Not_Hate
N_Target yang mana dipilih imam besar itu yang lita pilih;['iyus_dilah'];Not_Hate
N_Target yang mana nikah apa jihad haha;['_alpasya_'];Not_Hate
N_Target yang penting ayem hepi in may kantri;['yosiasimanungkalit'];Not_Hate
N_Target yang penting kita sudah berusaha waspada selebinya tawakal sama Allah dengan kejadian tersebut bisa jadi Allah mau melihat kesabaran kita dan juga bisa jadi Allah mau menggantikan yang lebih baik husnuzon aja kak;['apriloktavia'];Not_Hate
N_Target yap kerjanya nyata nya ta nambah utamg dia yg ngutang rakyat yg ikut bayar;['abdullah_saprudin'];Not_Hate
N_Target yaudahhh jihad aja;['premantobat073'];Not_Hate
N_Target ydh besok na ajh mln minggu msih sama kok;['noor_khaz'];Not_Hate
N_Target ye masa pake senjata kedobong pisang;['premantobat073'];Not_Hate
N_Target yeeee ko jdi nikah dulu jihad dulu ajaaaa;['premantobat073'];Not_Hate
N_Target yes;['esel_skriver'];Not_Hate
N_Target yes ALLAHUAKBAR;['maulanaaqrs'];Not_Hate
N_Target yeslove papua;['elviera2122'];Not_Hate
N_Target yess;['julian_isham'];Not_Hate
N_Target yess se;['riosardy47'];Not_Hate
N_Target yesss love damai;['nur'];Not_Hate
N_Target yessss Setujuuu;['siluman878'];Not_Hate
N_Target yessss cebong bersayap kata pak raiz;['eka2264'];Hate
N_Target yg ada UUnya nnti yg direvisi sm dia;['iwansetiawan2012'];Not_Hate
N_Target yg ada mlhan lu sm kelompok lu yg suka provokasi;['dianmaharani1991'];Not_Hate
N_Target yg andukqn neneknya;['premantobat073'];Not_Hate
N_Target yg coblos situ yg dipenjara jg situ yg dimenangin kagak peduli hehee;['sutini_haunani'];Not_Hate
N_Target yg di Jepang kemarin pake bahasa Jawa ya makanya jangan konsumsi hoax melulu pasti gc bisa tidur kalau gc baca berita hoax ya;['justadumbo'];Not_Hate
N_Target yg di periksa pohon sengonnya;['rina'];Not_Hate
N_Target yg dikarawang dibebaskan;['dedegpidekso12'];Not_Hate
N_Target yg dwmo sudah bertobat ente masih mau rusuh MIKIR CUK;['omojak'];Not_Hate
N_Target yg gc bisa bha Inggris sapa Pasti gc punya TV ya;['justadumbo'];Not_Hate
N_Target yg guoblokkk lu tontonh nihh video biar gak makin kayal BABI lu;['novii_suryawati'];Not_Hate
N_Target yg harus diwaspadain yaitu lu dan kelompok lu;['jibrilsoeharjo'];Not_Hate
N_Target yg ingin pasti cebongers;['dzukha_munawar'];Not_Hate
N_Target yg milih juga banyak palsu;['rina'];Not_Hate
N_Target yg ngeyel itu dalang yg mau adu domba indonesia;['diazdenita'];Not_Hate
N_Target yg ono juga lihat teks ngomong pengucapannya salah membaca aja dia ramedial apalagi memimpin;['claudiafadillah7407'];Not_Hate
N_Target yg palsu itu murah;['dimitria1130'];Not_Hate
N_Target yg penting punya pimpinan yg bertanggung jawab ga kabur kaburan;['rahmaddani89'];Not_Hate
N_Target yg penting sekolam pasti aman;['yusuffirdaoes'];Not_Hate
N_Target yg salah yg menghitung suara dan yg melakukn bnyk cara utk menipu rakyarnya;['why_abr'];Not_Hate
N_Target ykin;['dimas_prasetiyadi'];Not_Hate
N_Target yng menjunjung tinggi toleransi padahal di blkng mojokin agama;['pelangi_air_mata'];Not_Hate
N_Target yo yo;['nanapriya88'];Not_Hate
N_Target yoi;['premantobat073'];Not_Hate
N_Target yoiii;['dhyanprabowo'];Not_Hate
N_Target you re the only person crosses my mind when I see him Literally Is it a sign Well who knows;['farhanmukti'];Not_Hate
N_Target yowis Yuk mari demi kebaikan bersama kapan bro;['iwan_suhendri'];Not_Hate
N_Target yupz;['rina'];Not_Hate
Na asa mineng ulin ka bandung ges teu di aku teh wkwkwkw;['None'];Not_Hate
Naah ini baru mantaap org spt pk anies d tunggu kehadirannya utk memimpin negeri ini;['None'];Not_Hate
Nabi muhammad dulu berperang lawan kafir qurays kira ngapain kalau g bela agama pemikiran liberal y kayak gitu ngawur ngaku ramah padahal ngawur;['None'];Not_Hate
Nafas nya bau njir;['None'];Not_Hate
Nafsu kale si gram jd dihapus min;['None'];Not_Hate
Nah boleh ni kalo dimana jae liwat giniin aja Malu in kalah kok pengen lanjut;['None'];Not_Hate
Nah lho;['None'];Not_Hate
Nah lhoooooo;['None'];Not_Hate
Nah loh;['None'];Not_Hate
Nah nah nanti di gantikan oleh para tka ya pekerja nha;['None'];Not_Hate
Nah nih bukti kurang bukti ya di MK;['None'];Not_Hate
Nah tuh uda dijelasin knapa masih ngeyel aja ya;['None'];Not_Hate
Nahh kan ketauan;['None'];Not_Hate
Nahh ketauan kan;['None'];Not_Hate
Nahh lohh pinteran anak sma daripada presiden;['None'];Not_Hate
Nahhh gini nih gak plangak plongok;['None'];Not_Hate
Nahhh ini baru mantap;['None'];Not_Hate
Naik dan di sesuaikan tak ada bedanya;['None'];Not_Hate
Naik terus kapan turun nya;['None'];Not_Hate
Najis;['None'];Not_Hate
Najis liatnya;['None'];Not_Hate
Najis se najis najisnya astagfirullah;['None'];Not_Hate
Najza tu gak berani;['None'];Not_Hate
Nama pak Gubernurnya ngg ad yg nyebutin takutnya masyarakat salah faham di kira Gubernur Mulut jamban;['None'];Not_Hate
Namany Maling ya ttp maling;['None'];Not_Hate
Namanya juga kacung bang;['None'];Not_Hate
Namanya juga pencitraan kerjanya yg hal hal kecil urusan kecil yg dibesar besarkan Yg seharusnya itu kerjaan org kecil tukang sapu jalanan jg bisa gunting pita dan membagikan sertifikat;['None'];Not_Hate
Namanya juga tolol;['None'];Not_Hate
Nampak nya kembali ke pemerintahan kerajaan lebih baik jika negara ini sudah hancur nanti;['None'];Not_Hate
Nampol banget sakitnya tuh disini;['None'];Not_Hate
Nangis lhooo;['None'];Not_Hate
Nanti ada video permintaan maaf pake surat bermaterai;['None'];Not_Hate
Nanti kalo punya anak jangan namanya Joko ya takut nya kayak gini paraaaahhhhh bangeetttt;['None'];Not_Hate
Nanti shalat akhirnya Tak usah rukuk dan sjud karna hati sdh rukuk sujud itu asal asalan namanya coy;['None'];Not_Hate
Napa MK kemarin gak merujuk pada bukti ini Bukankah ini kecurangan;['None'];Not_Hate
Narto botak;['None'];Not_Hate
Nasi goreng;['None'];Not_Hate
Nasib kita sama Dtempat saya ntah itu kopi lada atau cngkeh Murah smua;['None'];Not_Hate
Naudzubillah;['None'];Not_Hate
Naudzubillah ktanya negarawan ko spti ini Udah sepuh ko sombongin keduniwaian ap ga mkir akherat ya;['None'];Not_Hate
Naudzubillah min dzalik;['None'];Not_Hate
Naudzubillah najiss ya alloh;['None'];Not_Hate
Naudzubillahmindzalik jijik;['None'];Not_Hate
Naudzubillamindzalik;['None'];Not_Hate
Naudzubullah Astaghfirullah;['None'];Not_Hate
Nauzubillah minzalik akhir zaman sudah dekat;['None'];Not_Hate
Nauzubillahi min dzaliq bener apa bener jika bener mengerikan sekali penghianat bangsa kita ini mudah an tidak segitunya harapan kita semuanya;['None'];Not_Hate
Ndas mu;['None'];Not_Hate
Ndasmu atos;['None'];Not_Hate
Negara begundal;['None'];Not_Hate
Negara cuman jadi guyonan;['None'];Not_Hate
Negara dalam kondisi kritis;['None'];Not_Hate
Negara maboook;['None'];Not_Hate
Negara manapun tidak akan mengakui menang hasil kcurngn;['None'];Not_Hate
Negara sendiri kok ngontrak;['None'];Not_Hate
Negara yg aneh seharusnya bangga dgn karya anak bangsa sendiri ntar klu sudah di ambil negara lain sibuk mengklaim itu aset negara seharus membantu untuk mensertifikasi;['None'];Not_Hate
Negeri;['None'];Not_Hate
Negeri Arab jg ada org kafirnya inilah salah satunya menjual nama Arab seolah dia seorang fanatik agama pakaian bs kau tiru cara bahasa muka loe jelas terlihat loe kafiiirrrr;['None'];Not_Hate
Negeri dongeng tpi nyata;['None'];Not_Hate
Negeri para pencoleng;['None'];Not_Hate
Negeri taek land;['None'];Not_Hate
Negeri taikland;['None'];Not_Hate
Negri TAIKLEN;['None'];Not_Hate
Negri hayalan;['None'];Not_Hate
Neraka dunia;['None'];Not_Hate
Next for President Indonesia;['None'];Not_Hate
Next presiden pak N_Target best;['aniesbaswedan'];Not_Hate
Ngaca oyyyyy;['None'];Not_Hate
Ngaciro terhempas oleh badai sendiri BADAI JAENUDIN;['None'];Not_Hate
Ngaco;['None'];Not_Hate
Ngajak perang nih;['None'];Not_Hate
Ngak sadar tu orang;['None'];Not_Hate
Ngakak;['None'];Not_Hate
Ngakak bat;['None'];Not_Hate
Ngakak boleh;['None'];Not_Hate
Ngakak lur N_Target;['lolong_speed'];Not_Hate
Ngakak wkwk wudhu lahh wkwk;['None'];Not_Hate
Ngakakkaka;['None'];Not_Hate
Ngalami kekacauan dijln gelap gulita lampu rambu kok ikut mati macet dimana semua ga bth di rmh pnas g ada ac tdk bs komuniksi mengerikn;['None'];Not_Hate
Ngambek nya ga asli ah sinetron ni yeee;['None'];Not_Hate
Nganu;['None'];Not_Hate
Ngapain juga Di rekam namanya privacy org mana boleh direkam;['None'];Not_Hate
Ngarep di terima saja kekalahan dukung yg sudah terpilih;['None'];Not_Hate
Ngatain diri nya sendiri ternyata;['None'];Not_Hate
Ngawur ah kaya ga ada kerjaan laen mindah in lunasin utang dulu sejahterain dulu rakyatnya kasih kerjaan tuh pengangguran turunin dulu harga beresin tuh BUMN;['None'];Not_Hate
Ngawur data dari mana;['None'];Not_Hate
Ngebacot;['None'];Not_Hate
Ngeleeess;['None'];Not_Hate
Ngeles;['None'];Not_Hate
Ngenes ya allah N_Target;['yogaswarawulan'];Not_Hate
Ngenesss gak dianggap;['None'];Not_Hate
Ngerampok namanya;['None'];Not_Hate
Ngeri juga ya kalau harus murtad dan itu bukan kata Ulama Al Qur an lah yg menerangkan jika kata dan perbuatan menyimpang jauh dari Al Qur an sudah jelas mereka murtad jadi jangan sedikit bilang Ulama terlalu keras padahal Ulama mengatakan berdasar Qur an dan hadits;['None'];Not_Hate
Ngeri ling di Indonesia udh makin keras;['None'];Not_Hate
Ngeri min aneh tp nyata waspada yg cm kita bisa berlindung Pada illahi Rabbi;['None'];Not_Hate
Ngeriii;['None'];Not_Hate
Ngeriiihhhh;['None'];Not_Hate
Ngeselin deh tampol pakai sambel aja;['None'];Not_Hate
Ngexis ya;['None'];Not_Hate
Ngga BAKALAN BERANI MEMPROSES MAAAA POLISI SEBAB ANGGOTA CEBOK CEBONG LEVELNYA DI ATAS MEREKA MUDAH BENERRR POLISI SEKARANG JADI PEMBANTU PARA CEBOKKALO SAYA MENDING CARI KERJA AN LAIN;['None'];Not_Hate
Ngga curang min ngga itu cuman nancepin paku ke kertas doang ko;['None'];Not_Hate
Nggaakkk bikin sakit hati panitia mya udah ga kredibel;['None'];Not_Hate
Nggak punya malu;['None'];Not_Hate
Nggak usah dipisahin kita lihatin saja mereka saling cakar cakaran ayo lebih seru lagi;['None'];Not_Hate
Nggk mendidik dua nya;['None'];Not_Hate
Nggk terasa udh setahun ya Pdhl kl nggk salah bulan april thn kemarin ya peletakan batu pertamanya Hmmm;['None'];Not_Hate
Nggragas;['None'];Not_Hate
Ngilu bgsdd;['None'];Not_Hate
Ngilu rasanya dteriaki gt;['None'];Not_Hate
Ngimpi d proses;['None'];Not_Hate
Ngitung Jam aja dimanipulasi sudah kaya penggitungan KPU;['None'];Not_Hate
Ngk meninggal itu cm ketiduran aja jgn hoax lah;['None'];Not_Hate
Ngoahahaaaaha;['None'];Not_Hate
Ngoahahaha;['None'];Not_Hate
Ngoahahahaha ngumpet bapak cebongx;['None'];Not_Hate
Ngohahaha kereeeen;['None'];Not_Hate
Ngomong apa si tuh si engkoh blepetan gitu;['None'];Not_Hate
Ngomong apa sih bonekanya mr Bean;['None'];Not_Hate
Ngomong apa sih nganu nganu maluin indonesia aja;['None'];Not_Hate
Ngomong apaaaaa;['None'];Not_Hate
Ngomong naon ceunah N_Target;['gusmiftah'];Not_Hate
Ngomong ngaca dulu napaa oii pemerintah;['None'];Not_Hate
Ngomong opo to ndo ngomong mbo yo di pikir disit ben wong podo ngerti kuabeh;['None'];Not_Hate
Ngomong pke dubur;['None'];Not_Hate
Ngomong tah jeung tiang listrik mentri karoplok;['None'];Not_Hate
Ngomong tok Mlaku yo mlaku ae Didelok dalane hati le kesandong Aku karek guyu wes;['None'];Not_Hate
Ngomongi diri sendiri si pendusta itu ya;['None'];Not_Hate
Ngontrak nih;['None'];Not_Hate
Ngrusak Islam dari dalam Merasa lebih pinter dari Allah;['None'];Not_Hate
Ngumpet;['None'];Not_Hate
Ngutang lagi;['None'];Not_Hate
Ngutang salah investasi salah ngejual salah apa pasti salah klo dimata kampret Mahabenar kampret dengan segala nyinyirannya Udh skrg lo pade diem aja duduk manis dan saksikan biarkan mereka menjalankan tugasnya masing semua keputusan dan kebijakan yg diambil sdh melalui proses panjang dan memikirkan kedepannya Klo cuma jago nyinyir ga guna apa buat negara Mending ente pindah negara aja sono cuma jd sampah di sini;['None'];Not_Hate
Ni lah yg dnma kafir;['None'];Not_Hate
Ni mantap;['None'];Not_Hate
Ni melek ni kemarin siapa yg ngomong pki gak ada harus di tunjukin ni ama yg kemarin ngomong ni depan muka dia bikin resah aja masyarakat ni pki;['None'];Not_Hate
Ni negara seperti ngga da pemimpinnya ya;['None'];Not_Hate
Ni orang enaknya di slide k pas ngomong emang kenapaaaahhh sambil mangap gede gitu masukin bon cabe level toples biar ga tuman;['None'];Not_Hate
Ni orang kaya gini biasanya umurnya panjang jarang sakit jarang susah dikasih banyak kenikmatan lewat kedudukan Yaa Allah Yaa Rohmaan jangan dikeluarin dari Jahannam nantinya aamiin;['None'];Not_Hate
Nice;['None'];Not_Hate
Nice post you have there;['None'];Not_Hate
Nice statement;['None'];Not_Hate
Nie akibat polisi jd kacung china;['None'];Not_Hate
Nih mimin kamvrets pake lagu inda an sgala gw pikir pak anis bacain puisi utk si cewe;['None'];Not_Hate
Nih pak N_Target dan pak N_Target;['prabowo', 'sandiuno'];Not_Hate
Nikah biar semangat;['None'];Not_Hate
Nikah dlu ja ntr jihad bareng romantis kn;['None'];Not_Hate
Nikah dulu baru jihad min nikah jg ibadah min;['None'];Not_Hate
Nikah dulu pahalanya jd double pahala nikah dan pahala jihad;['None'];Not_Hate
Nikah sebagian dari jalan Jihad;['None'];Not_Hate
Nikah utk semangati berjihad;['None'];Not_Hate
Nikmati saja hidup dijaman CINA KEBAL HUKUM periode kaan Hahahaha;['None'];Not_Hate
Njiiiiirrr Demo dari pasukan sakit hati yg ga bisa terima kenyataan;['None'];Not_Hate
Njiirrr kasian;['None'];Not_Hate
Njir GOBLOK PERMANEN GOBLOK TINGKAT DEWA nih orang udah tau PKI anti agama masa pakai simbol agama;['None'];Not_Hate
Njirrr gua lebih dukung si bapak gatau kenapa;['None'];Not_Hate
Njirrr mukanya pingin w tampol;['None'];Not_Hate
Nntn ilc cm pengen liat pak Rocky ngomong doang salam akal sehat;['None'];Not_Hate
No;['None'];Not_Hate
No comment ah;['None'];Not_Hate
Noh yang mimpin bukan HRS kata dia tapi menantu nya and satu lagi di media sosial banyak bukti berupa video kalo HRS hanya menghadiri bukan memimpin doa jd siapa yg hoax skrang;['None'];Not_Hate
Nonton Kirun;['None'];Not_Hate
Nonton drama korea days Bnyak yg bisa kita dapat bgmn sebuah konspirasi membuat seseorang dinaikkan popularitasx bahwa perlawanan dan keamanan di dasarkan dr masalah keadilan pemerintah;['None'];Not_Hate
Nonton wayang;['None'];Not_Hate
Novel juga dah tau siapa yang nyuruh pastinya Nanti juga ketauan pas amnesty yang selidikin;['None'];Not_Hate
Ntaaappppps;['None'];Not_Hate
Ntar giliran didatengin minta perlindungan wercok atau ANjing nyoSOR lagi nih Itu yg satu kenapa di blur mukanya Ngomongnya songong banget Gw pengen tampol bolak balik tuh congor Ayo teman cari lokasinya dimana tuh resto;['None'];Not_Hate
Ntar lagi Aceh nyusul;['None'];Not_Hate
Ntar lagi Rektor jg di import;['None'];Not_Hate
Ntr dibilang sama polisi semua makar lagi;['None'];Not_Hate
Nu gelo;['None'];Not_Hate
Nukitu di sebut bahaya teu eling nu boga Instagram koplok min Ari posting foto si jae hare di antep;['None'];Not_Hate
Numpang idup aja belagu anjing;['None'];Not_Hate
Numpang ketawa min;['None'];Not_Hate
Numpang ketawa ya N_Target;['tsamaradki'];Not_Hate
Nunggu tahun lagi dengan ke konyolan ini;['None'];Not_Hate
Nungguin komando jihad ulama lama banget ya dah geregetan;['None'];Not_Hate
Nungguin presiden k pdg mau bikin kek gitu jga;['None'];Not_Hate
Nurani rakyat;['None'];Not_Hate
Nusuk banget ke dalam;['None'];Not_Hate
Nyai nyai;['None'];Not_Hate
Nyalahin upah mendingan mundur aja mang emil;['None'];Not_Hate
Nyan ban i tanyo Beh pjan maju Nyo na yng berjembng lage nyo pmerintah kn i bntu malah i peubrat;['None'];Not_Hate
Nyan baru gubernur yg bantu rakyat bukan korup punya rakyat semoga seterusnya;['None'];Not_Hate
Nyari yang masih sepi biar gak ada yang demo;['None'];Not_Hate
Nyaring bunyinya;['None'];Not_Hate
Nyata peduli bangsa;['None'];Not_Hate
Nyawa rakyat emng tidak ada harganya trnyata;['None'];Not_Hate
Nyesek bgt pasti tuh;['None'];Not_Hate
Nyesel sy geser min sue;['None'];Not_Hate
Nyeselin jir pengen gua tabok mukenya;['None'];Not_Hate
Nyeuri nyeuri moal benang di ubaran najan loba pencitraan k rakyat teu pangaruh mumpung atah keneh mumpung rakyat sabar keneh sok gera serahkeun rakyat mah ges teu percaya talak versi gagal;['None'];Not_Hate
O on ia ngomongin agama tapi gak faham;['None'];Not_Hate
OH DI WARKOP MEDAN INI YA;['None'];Not_Hate
OKE;['None'];Not_Hate
OOO ooi OOO OOO la dalah;['None'];Not_Hate
OOO pliharaan Mbah Joko;['None'];Not_Hate
OTAK SAMPAH PERCUMA KAU CERAMAH MUDAH AN ALLAH BISA NGETUK HATI KAU SBLM AJAL KAU DI AMBIL MALAIKAT MAUT ISTIGFAR KAU BUKAN PENGAYOM UMAT TAPI PEMECAH UMAT OTAK SAMPAH KAU;['None'];Not_Hate
OTW ke negara sebelah;['None'];Not_Hate
Obligasi itu apa sih;['None'];Not_Hate
Ogaaah bangettt;['None'];Not_Hate
Ogah;['None'];Not_Hate
Ogah dah;['None'];Not_Hate
Oh;['None'];Not_Hate
Oh no;['None'];Not_Hate
Oh pantesan inilah awal ke murkaan sang pencipta ada org yg musyrik;['None'];Not_Hate
Oh pantesan temennya abu janda;['None'];Not_Hate
Ohh begitu mantap giliran adaa penipu ngaku _ Habib ngaku _sosok seseorang terus minta sumbangan sana sini dengan mengatas nama kan ponpes seseorang Ehh yg kena Bui itu yg punya Ponpes Hebat lah poko na mh;['None'];Not_Hate
Ok oce apa kabar polusi jakarta sudah membaik ciyeeee wkwkwk;['None'];Not_Hate
Ok tp nanti dulu ke kita jalani dulu hidup ni apakah msh kuat dengan ekonomi sprti ini Presiden j lum di lantik udah bicara mikir min;['None'];Not_Hate
Oke;['None'];Not_Hate
Oke oke ayem hepi pliss infes in mai kontri tengkiyu tengkiyu;['None'];Not_Hate
Oke udah gw save mukanya;['None'];Not_Hate
Oknum WNA udah berani menjajah secara perlahan Bagaimanakah peran pemerintah dalam membela Warga Negaranya Sendiri;['None'];Not_Hate
Okowi;['None'];Not_Hate
Olang kaya gini di kremasi aja di bali Bakar;['None'];Not_Hate
Oleh karena itu aku bangga anakku yg jago IPA MTK justru pilih SASTRA ARAB di UGM;['None'];Not_Hate
Oleng Saya Efek Ngomongnya Belepotan;['None'];Not_Hate
Omaygat keren bingo;['None'];Not_Hate
Omdo;['None'];Not_Hate
Omongan kok kek ah;['None'];Not_Hate
Omongan orang mabok ini mah;['None'];Not_Hate
Omongannya di jamin psi bakal;['None'];Not_Hate
Ooh anggota banser tooh pantes;['None'];Not_Hate
Oon;['None'];Not_Hate
Ooo kamu ketahuannnn;['None'];Not_Hate
Oooiii spa yg dirugikan pengusaha pupuk aseng Tolol;['None'];Not_Hate
Oooo;['None'];Not_Hate
Ooooo ada maksud Jgn sengaja d buat mati biar seolah gk mampu baru congor nya menggonggong;['None'];Not_Hate
Open order Kaos rb rb Kemeja rb rb Jaket rb rb Jas almamater rb rb pembuatan minimal minggu Di tangani yg ahli dibidang Terimakasih semua khusus bisa kartar bisa utk jalan sehat Tujuh belaasan maupun idul qurban Buruan pesan Kualitas skg ada washing machine;['None'];Not_Hate
Orang Orang Hebat;['None'];Not_Hate
Orang alim akhir hayatnya berkumpul dengan orang alim bukan dengan pecundang kaum munafik kaum curang;['None'];Not_Hate
Orang bandung bisa aja;['None'];Not_Hate
Orang bodoh kalau comen g jelas ya kayak itu;['None'];Not_Hate
Orang gila;['None'];Not_Hate
Orang gila baru;['None'];Not_Hate
Orang jenis begini nih yg bikin indonesia rusak Gw dari dulu punya teman yg berbagai macam suku agama dan ras biasa aja saling menghormati dan menghargai masing Zaman skrng kok knpa jadi mudah orang menghina sesama anak bangsa;['None'];Not_Hate
Orang kafir anti Islam atau orang pki anti Islam udah gak heran nah lo ini orang apa binatang woi gusnaldi Anjing pki;['None'];Not_Hate
Orang kalau sdh nenek akan menjadi kaya bayi lg kalau ngomong gk jelas;['None'];Not_Hate
Orang kaya N_Target ga di komen berasa paling bener di komen dia ngaku muslim Pantesnya di apain ya min Kalo saya sing nganggepnya sama kaya junjunganya AS KS GD NW GY mereka saya angep sbg penceramah t buat kaum kolam;['gusmiftah'];Not_Hate
Orang kaya gini ini cocoknya di gesek ke tiang listrik contolnya;['None'];Not_Hate
Orang kaya gini makin berani sekarang;['None'];Not_Hate
Orang mana ini cebong berasa jadi kaya raja dimarih;['None'];Hate
Orang nya kayak taik semuanya;['None'];Not_Hate
Orang nya mungkin sedang kurang itu;['None'];Not_Hate
Orang pilihan;['None'];Not_Hate
Orang pinter beda mah;['None'];Not_Hate
Orang sarap kayak teddigustai gak usah dilayanin Maklumin aja waktu lahir dia gak kebagian otak Jadi kalo komen macam orang DUNGU;['None'];Not_Hate
Orang seperti Anies yg sekarang di butuhkan tuk jd Presiden selanjutnya;['None'];Not_Hate
Orang seperti ini nih yg sekarang lg di lindungin sabar ya tunggu;['None'];Not_Hate
Orang stres itu ma;['None'];Not_Hate
Orang yang bermunculan seperti inilah yang berarti tanda tanda;['None'];Not_Hate
Orang yg dn;['None'];Not_Hate
Orang yg membela pki ya merekalah PKI atau bagian dari keluarga nya;['None'];Not_Hate
Orang yg memberikan pembodohan umat Ni org produk dajjal;['None'];Not_Hate
Org Indonesia sebenarnya pintar pintar cuma ada segelintir orang pintar yg kelewatan pintar DEMI UANG DAN KEKUASAAN;['None'];Not_Hate
Org bento itu kenaikan bilang disesuaikan dasar otak sekolam;['None'];Not_Hate
Org betah ko dsuruh turun;['None'];Not_Hate
Org gila kok d anut;['None'];Not_Hate
Org hebat itu ustadz yahya waloni Barakallah ustadz;['None'];Not_Hate
Org kita mah Sabar kalo d taikland uda di serbu nie kaum sipit;['None'];Not_Hate
Orng keturunan beginian bebas mau ngapain aja di jaman sekarang;['None'];Not_Hate
Otak Somplak Bacot Soak;['None'];Not_Hate
Otak dengkul tsamara;['None'];Not_Hate
Otak isinya taiii;['None'];Not_Hate
Otak mesum Aliran Nusantara liberal;['None'];Not_Hate
Otak nih orang gak beda jauh sama si abu janda Kasian yang kemaren mualaf salah belajar;['None'];Not_Hate
Otak nya cacat min liat dri roman muka nya klu seger otak nya sehat klu planga plongo sambil mulutnya nganga itu arti nya cacat otak permanen;['None'];Not_Hate
Otak penjilat mn nyampe udah menang curang lg mau nyerang pak anies hello cebong cermin tuh muka hr hr biar tau muka lu setebal apa;['None'];Not_Hate
Otaknya di dengkul yg kayak gitu;['None'];Not_Hate
Otaknya geseer;['None'];Not_Hate
Otaknya mampet tuh orang yg bikin status mungkin kebanyakan makanan yg mengandung formalin;['None'];Not_Hate
Otaknya semakin KONSLET tau diri dong;['None'];Not_Hate
Otewe pensiun nyimpan uang dibawah kasur ni keknya;['None'];Not_Hate
Otobiografi;['None'];Not_Hate
Owalaaa mulut nya dasar kayak nya diusir aja x ya ntar viral minta maaf dasar;['None'];Not_Hate
Oyyh ini cina bukan N_Target;['mnyajid'];Not_Hate
P;['None'];Not_Hate
PAK ANIES;['None'];Not_Hate
PALING JUGA DIBILANG ORANG STRES BIAR KAGA DI TANGKEP Wkwkwkwk;['None'];Not_Hate
PARA CEBONG BANI TOGOG MANA NIH SUARANYA;['None'];Hate
PARA KODOK BUDUK ORA MUTU BLASS;['None'];Not_Hate
PAS;['None'];Not_Hate
PASTILAH SAKIT HATI TUH ORANG YANG NYURUH KAN KORUPTOR ALIAS MALING DUIT RAKYAT;['None'];Not_Hate
PERTAMINI termasuk eceran gak ya;['None'];Not_Hate
PKI aman;['None'];Not_Hate
PKI bajingan harus dibinasakan;['None'];Not_Hate
PKI laknat;['None'];Not_Hate
PLETA PLETE BANGET NIH BABI TENGIK;['None'];Not_Hate
POLICY SUPER KEREEN dari GUBERNUR INDONESIA;['None'];Not_Hate
POSKO PANTAU PKI juga tlong dibuat pak;['None'];Not_Hate
PRABOWOPRESIDENREPUBLIKINDONESIASESUNGGUHNYA;['None'];Not_Hate
PROMOSI BUAT BIAR LARIS MANIS NAMANYA ANTEK HTI GAK BAKAL BISA MEMPENGARUHI KAMI;['None'];Not_Hate
PSI bacot doang yang gede;['None'];Not_Hate
PSI ngk usah di dengar;['None'];Not_Hate
PT Siluman yg dibuat ahox untuk modal pilkada Dasarrr ahox edan;['None'];Not_Hate
Pa Prabowo tak pernah tergantikan tapi mungkin pak anies skrng dan bang sandiaga uno yg harus maju utk memipin negara Indonesia yg kita cintai selamatkn negara ini ya roob dri orang yg zholim pada rakyat aamiin;['None'];Not_Hate
Pa anis Gubernur dunia min;['None'];Not_Hate
Pa anis dooong masa yg bawah sereeeem;['None'];Not_Hate
Pada akhirnya keadilan akan menemukan jalannya sendiri;['None'];Not_Hate
Pada bae g bl k;['None'];Not_Hate
Pada saat beliau jdi rektor univ prmadina udah bnyk yg prdeksi anies layak jdi RI rektor trmuda saat itu;['None'];Not_Hate
Pada songong ya tamu skrg;['None'];Not_Hate
Padahal lahan mars masih tersedia banyak;['None'];Not_Hate
Padahal yg jual bensin eceran ya banyak jadi pendukung jkw;['None'];Not_Hate
Pajak rakyat bbm perumahan di naikan mobil mewah di turunkan waras waras otaknya;['None'];Not_Hate
Pak ANIES;['None'];Not_Hate
Pak Anies Bang Sandi;['None'];Not_Hate
Pak Anies emang keren sudah ganteng berwibawa dan banyak prestasi omongannya juga berbobot ga spt kaum togog yang omongannya spt bunyi kentut;['None'];Not_Hate
Pak Anies jaga kesehatan banyak doa dr org yg tidak memgenal anda smoga kelak sy punya Presiden seperti anda;['None'];Not_Hate
Pak Anies sama pak gatot;['None'];Not_Hate
Pak Anies sm siapa ya;['None'];Not_Hate
Pak Anis Baswedan Sandiaga Uno presiden;['None'];Not_Hate
Pak Anis The best end Only One Salam dr Riyad aq bangga sm bpk dan aq selalu mengikuti dan melihat kegiatan n program x bpk anis aq salut dan sangat terharu pd pak Anis dan sekaligus bangga krn oak Anos membawa nama bangsa Indonesia agar banyak dikenal orang dunia;['None'];Not_Hate
Pak Anis dan Bang Sandi;['None'];Not_Hate
Pak Anis dan jendral Gatot N;['None'];Not_Hate
Pak Anis next presiden;['None'];Not_Hate
Pak Anis terlalu pintar Dimata mereka gak cocok buat mereka jadi mereka pingin kaum yang seperti mereka;['None'];Not_Hate
Pak N_Target Presiden dan Pak N_Target Wakil presiden;['aniesbaswedan', 'sandiuno'];Not_Hate
Pak N_Target gaya kepemimpinan mu mirip Khulafaur Rasyidin;['aniesbaswedan'];Not_Hate
Pak N_Target gk NKRI bicaranya pake bahsa asing kasihan Cebong gk pd ngerti;['aniesbaswedan'];Not_Hate
Pak N_Target kami orang Medan mendambakan dirimu bersinergi dengan pak N_Target untuk menjadi kan kota Medan lebih baik;['edy_rahmayadi', 'anisbaswedan'];Not_Hate
Pak N_Target mau tanya pak disesuaikan dengan apa ya pak asli saya bertanya bapak;['sandiuno'];Not_Hate
Pak N_Target papa online N_Target pak pengacara di save ya;['prabowo', 'sandiuno'];Not_Hate
Pak Prabowo amal ibadahnya banyak Smg beliau sll dlm lindungan Allah Swt dijauhkan dari cela dan fitnah Aamiin;['None'];Not_Hate
Pak Prabowo tidak di menangkan oleh Kpu Tapi Dia menjadi orang nomor;['None'];Not_Hate
Pak Sandi Dan pak anis;['None'];Not_Hate
Pak anies berbahasa inggris kyk bwa bhsa indonesia aja Beda jauh sama jae;['None'];Not_Hate
Pak anies memang manis setuju daaahh;['None'];Not_Hate
Pak anies memimpin ga pake otot tp pake otak santun dan lemah lembut i love pak N_Target;['aniesbaswedan'];Not_Hate
Pak anies mirip sama petinju muhammad ali tatapan sama bicaranya;['None'];Not_Hate
Pak anies pantas jd presiden utk bahasa inggris nya tdk di ragukn lagi jgn mcm ono planga plongi saja;['None'];Not_Hate
Pak anies we love you;['None'];Not_Hate
Pak bagusnya di apain niii org;['None'];Not_Hate
Pak jendral N_Target MAKAR niiihh MAKAR;['suryoprabowo2011'];Not_Hate
Pak jokowi jadi presiden bukan ngurusin jakarta aj bodoh aku di aceh pun ngerasai kok mafaatnya dia jdi presiden rumah sjit;['None'];Not_Hate
Pak polisinya bingung;['None'];Not_Hate
Pak presiden mana pak presiden bukankah kesatuan bangsa lebih penting daripada pindah ibukota kalo gak penting kenapa para pahlawan berkorban demi persatuan dan kesatuana bangsa;['None'];Not_Hate
Pak presiden sibuk mempersiapkan hutang ratusan trilyun untuk ibukota baru Ingat PAPUA adalah penyumbang suara yang banyak untuk;['None'];Not_Hate
Pak sadar malaikat maut udah ngintai bapak tu wong tuek mulute belepotan;['None'];Not_Hate
Pak saya jualan wallpaper dinding interior tolong order wallpaper dinding sya pak untuk di gedung dan di rumah pak trima kasi oak presiden;['None'];Not_Hate
Pakde apa gk malu tuh;['None'];Not_Hate
Pakdheee jokowerr hasill pku curangg rasany pingen demoo nurunin pakdhee udahh muakk;['None'];Not_Hate
Pala mu botak di sesuai kan apanya kalau gaji besar ya enda apa aja ini sdah ad gaji yg kecil gaji pas an gaji lumyan buat keluarga pake naik Lagi Bpjs apa nya yg mau di sesuaikan apa bnyak yg korupsi;['None'];Not_Hate
Palah kabeh wkwkwkwkwk;['None'];Not_Hate
Palanga plongo;['None'];Not_Hate
Palelo gudikan;['None'];Not_Hate
Palik cmn bilak jangan tanya saya itu bukan urusan saya;['None'];Not_Hate
Paling bisa nya cengengesan Tenang warga Papua tar kebagian masing dapet sepeda;['None'];Not_Hate
Paling cari simpati;['None'];Not_Hate
Paling dilicikan deui lah;['None'];Not_Hate
Paling juga ga bakal di usut sama polisi apalagi di penjarakan;['None'];Not_Hate
Paling juga kalah pak Soalnya nnti curang lagi;['None'];Not_Hate
Paling jugee para Keturunan Komunis Broo;['None'];Not_Hate
Paling kalo kata GEROMBOLAN ITU VIDIO OAX OAX BRANINYA NGOCEH DOANG PALING BANTER DIPARANIN JUGA UDAH KENCING DI CELANA LUH;['None'];Not_Hate
Paling kena karma tu nanti kalo gk dia anak cucuny;['None'];Not_Hate
Paling maap dan materai;['None'];Not_Hate
Paling orang gila lagi;['None'];Not_Hate
Paling ujungnya mnta maaf bebas;['None'];Not_Hate
Palingan ujungnya yg d salahin yg mnybarluaskan vidio;['None'];Not_Hate
Pamit baik ya ini;['None'];Not_Hate
Panas ceuli tah koplok;['None'];Not_Hate
Panaz ngeliatnya min;['None'];Not_Hate
Pancasila itu adalah idiologi yang di buat oleh sukarno dan para pemuda pada masa itu dengan tujuan yang sangat jelas pada setiap silanya pancasila ini adalah idiologi yang sangat bagus dimana di dalam silanya ketuhanan di nomor satukan dan tentunya jika agama di indonesia di diskriminasi tentu itu sudah keluar dari konteks pancasila yaitu ketuhanan yang maha esa;['None'];Not_Hate
Pancasila lahir karena sebelumnya ideologi NASAKOM tidak dapat merangkul rakyatnya;['None'];Not_Hate
Panik min hadehhhh;['None'];Not_Hate
Pantas Saja Rasulullah Melewati Nejjed Saat Doa;['None'];Not_Hate
Pantas utang banyak karna waktu lagi urus bisnis dalam keadaan ngantuk jadi salah trus ngutang deh buat menutupi kerugian upp kwkw;['None'];Not_Hate
Pantes diumumkan tengah malam;['None'];Not_Hate
Pantes dpt gelar negara tersantuy penduduk ny ada yg kek gini;['None'];Not_Hate
Pantesan awake pakde cungkring;['None'];Not_Hate
Papa Edy mah mantul;['None'];Not_Hate
Papua dimanfaatkan untuk kepentingan;['None'];Not_Hate
Papua salah satu pendukung nikmatin aja lah gk apa;['None'];Not_Hate
Para pemimpin dimana;['None'];Not_Hate
Para pemimpin sedang dimana nih Klo sampe umat Muslim diserang bisa terjadi Perang Agama Karena ketika sebagian saudara Muslim teraniaya maka seluruh saudara Muslim Dunia ajan datang membantu Jangan coba menyakiti;['None'];Not_Hate
Paraaaah Wani gelut lah;['None'];Not_Hate
Parah;['None'];Not_Hate
Parah beraninya sama cewek;['None'];Not_Hate
Parah min;['None'];Not_Hate
Parah niiii;['None'];Not_Hate
Parahh;['None'];Not_Hate
Parahhh;['None'];Not_Hate
Parasit lu;['None'];Not_Hate
Pasangan ideal;['None'];Not_Hate
Pass;['None'];Not_Hate
Pasti S banget;['None'];Not_Hate
Pasti aman dahhh yg ancam bapak anis mah coba klo yg satu lg buru dahh dicari;['None'];Not_Hate
Pasti di negeri taik land ya;['None'];Not_Hate
Pasti dia bilang hoax;['None'];Not_Hate
Pasti gk mempan;['None'];Not_Hate
Pasti menang klo tdk dibuat kalah;['None'];Not_Hate
Pasti menang manun yg dilantik orang lain kecurangan dg ribuan bukti saja tetap saja tak digubris apalagi klo mereka berdua anies saja baru jadi gubernur rasa presiden manuver cebong luar biasa;['None'];Not_Hate
Pasti nyesek kga bisa tdr nyenyak;['None'];Not_Hate
Pasti pendukung Jokowi;['None'];Not_Hate
Pasti saudara dr banser ada digarda trdepan;['None'];Not_Hate
Pasti togogers pengantre duluan yak;['None'];Not_Hate
Pasti warga ketakutan dgn kerusuhan semoga Alloh menurunkan pertolonganNYA untuk papua dan Indonesia kmbali damai serta sejahtera aamiin ya Alloh;['None'];Not_Hate
Pastiiiii dn sangat sngat sangat S;['None'];Not_Hate
Pastinya setuju sangat;['None'];Not_Hate
Pasukan TAI;['None'];Not_Hate
Pasukan jokowi merdeka tp dia ga mikir dan ga tau apa merdeka itu;['None'];Not_Hate
Pasukan nasi bungkus;['None'];Not_Hate
Pasukan nasi bungkus siap beraksi kayaknya bener nih dana udeh cair;['None'];Not_Hate
Pasung;['None'];Not_Hate
Payung mana payunh;['None'];Not_Hate
Pda akhirnya dicampakan kan;['None'];Not_Hate
Pea;['None'];Not_Hate
Pecat secepatnya;['None'];Not_Hate
Pecitraan yg basi;['None'];Not_Hate
Pedas sepedas cabe setan campur sahang kereng Babe Haikal;['None'];Not_Hate
Pejabat diatas mukanya sama;['None'];Not_Hate
Pejabat dilarang dikritik katanyaaa;['None'];Not_Hate
Pejabat kaleng kaleng;['None'];Not_Hate
Pejabat kebanyakan makan oncom;['None'];Not_Hate
Pekok;['None'];Not_Hate
Pelan Namun Pasti Pak Jokowi tidak akan laku lagi di Jual Parpol dan akan di Lupakan Rakyat nya Sinetron bersambung nya Sudah akan Tamat;['None'];Not_Hate
Pelan sih tp dalem;['None'];Not_Hate
Pemerintah tidur ada video kayak gini diem aja;['None'];Not_Hate
Pemerintahan takut ngehukum orang cina Wkwkwkwkwkkw lemah;['None'];Not_Hate
Pemghiatan bngsa;['None'];Not_Hate
Pemikiran orang dungu;['None'];Not_Hate
Pemimpi harus memberi solusi bukan mencari kslahan orang agar terlihat perduli;['None'];Not_Hate
Pemimpin Rasa President;['None'];Not_Hate
Pemimpin adalah cermin an dari masyarakat mayoritas yang memilih nya saya sih enggak;['None'];Not_Hate
Pemimpin bani togog presiden curang;['None'];Not_Hate
Pemimpin gagal;['None'];Not_Hate
Pemimpin harapan bangsa;['None'];Not_Hate
Pemimpin harapan rakyat;['None'];Not_Hate
Pemimpin idaman Subbahanallah;['None'];Not_Hate
Pemimpin kaum togog bikin ane geli liatnya;['None'];Not_Hate
Pemimpin kaya gini yg sy harapkan barokallah pak anies N_Target;['aniesbaswedan'];Not_Hate
Pemimpin pilihan rakyat;['None'];Not_Hate
Pemimpin rakyat yg krja buat rakyat bkn aseng;['None'];Not_Hate
Pemimpin seperti ini yang diinginkan rakyat indonesia Yang bekerja untuk rakyatnya Jaga tanah dijakarta pak jangan sampai diambil lagi sama cina Seperti pulau reklamasi;['None'];Not_Hate
Pemimpin spt ituuu bukan yg aaa eee mmmm anu anu;['None'];Not_Hate
Pemimpin ter ANEH mungkin di dunia;['None'];Not_Hate
Pemimpin terbalik Teriakinn aja;['None'];Not_Hate
Pemimpin yang Hebat;['None'];Not_Hate
Pemimpin yang totalitas;['None'];Not_Hate
Pemimpin yg dirindukan;['None'];Not_Hate
Pemimpinku;['None'];Not_Hate
Pen ngantem raine juh;['None'];Not_Hate
Penak jaman mu pak;['None'];Not_Hate
Penasehat utama nya N_Target kali yak;['janethesfans'];Not_Hate
Penata kata yg luar biasa;['None'];Not_Hate
Pencitraan basii;['None'];Not_Hate
Pencitraan udah gak laku;['None'];Not_Hate
Penctraaaaaaaannnn;['None'];Not_Hate
Pendatang kok senga bgt kelakuan nya;['None'];Not_Hate
Pendukung Akal sehat selalu positif thinking;['None'];Not_Hate
Pendukung patah hati wkwkk;['None'];Not_Hate
Pendukung yg miskin baru sadar siapa yg pantas jadi presiden yg pro rakyat miskin Prabowo Sandi never dies;['None'];Not_Hate
Pendukungnya juga palsu min hhh;['None'];Not_Hate
Pendusta mah belajar gila min kaya orang paling bener aja hati mah busuk sumpah terbukti bnyk;['None'];Not_Hate
Pengabdiannya patut ditiru oleh yg lain bukan seperti jendral merah;['None'];Not_Hate
Pengen banget liat pak jokowi ngomong gini tanpa teks;['None'];Not_Hate
Pengen deh impor plesiden yg keren;['None'];Not_Hate
Pengen deh liat jokowi live interaktif pakek bhs inggris kyak gitu;['None'];Not_Hate
Pengen deh oneday lihat N_Target bisa perform speaking sperti pak N_Target di video ini bukan cuma planga plongo malu in NKRI di forum Internasional;['jokowi', 'aniesbaswedan'];Not_Hate
Pengen dibuatin nama dong a;['None'];Not_Hate
Pengen gua tampol tuh mulut m dasar bencong Bagus mba salut saya sama mba semoga semua cwe tuh berani kalo dilecehkan kyk ginimm;['None'];Not_Hate
Pengen gue ajak duel di PUBG biar tak granat batang hidungnya;['None'];Not_Hate
Pengen jadi artis nih kali si kunyuk manusia ilegal sialan;['None'];Not_Hate
Pengen jejelin tomat itu mulut pas di slide pas bilang mau apa;['None'];Not_Hate
Pengen nanpar rasanya trus mulutnya pengen gua sumpel pake keset wc;['None'];Not_Hate
Pengen nendang mulutnya;['None'];Not_Hate
Pengen nya ps tp dari padajae Y gpp anis sndi;['None'];Not_Hate
Penggal ajah orang kaya tai gtumah;['None'];Not_Hate
Penghianat bangsa ya ini orang nya pak mulur;['None'];Not_Hate
Pengin liat tapi jauh;['None'];Not_Hate
Pengkhianat;['None'];Not_Hate
Penjajah bangsa ini itu pemerintah kita sendiri;['None'];Not_Hate
Penjilatttt;['None'];Not_Hate
Penonton diem aja udah terhibur bgt ya;['None'];Not_Hate
Pentingnya ilmu;['None'];Not_Hate
Pentolan pki bukan ya;['None'];Not_Hate
Penuh kepalsuan fatamorgana itu mahluk sangat cinta dunia;['None'];Not_Hate
Penyakitnya aneh yh kan udah tua;['None'];Not_Hate
Penyuka liang tai;['None'];Not_Hate
People power;['None'];Not_Hate
People powernya melempem ga bakal mundur dia Pdahal kmarin hampir out;['None'];Not_Hate
Perang klo liat kedzoliman udah merajalela ya oke lah;['None'];Not_Hate
Perasaan nggak denger kalo yg demo;['None'];Not_Hate
Perasaann;['None'];Not_Hate
Peraturan tolol benar benar sifat penjajah;['None'];Not_Hate
Percuma aja min udah basi toh kecurangan ini tdk mampu merubah keputusan hakim yg tidak adil di MK;['None'];Not_Hate
Percuma aja skrg nyoblos kalau ujung nya masih yg curang yg menanng buat apa;['None'];Not_Hate
Percuma di penjara bos nya aja Menang negeri ku;['None'];Not_Hate
Percuma dia gak dengan paling jg dia bilang kasihan rakyat jelata belum bs move on mereka;['None'];Not_Hate
Percuma dicurangi gak bisa melawan Lemah;['None'];Not_Hate
Percuma klu kpu yg itu MK nya yg itu Bawaslu nya yg itu Jgn kan mrk erdogan pun kalah;['None'];Not_Hate
Percuma maju klw caranya model kmren gk bakalan nyampe capek aj;['None'];Not_Hate
Percuma mbak;['None'];Not_Hate
Percumah di curangin lgi pasti;['None'];Not_Hate
Perih;['None'];Not_Hate
Periode TOGOG tdk ada yg tersisa utk di eksploitasi baik dg cara curang maupun cara dzalim;['None'];Not_Hate
Perlu ditiru;['None'];Not_Hate
Permintaan junjungan min;['None'];Not_Hate
Permisi ad yg punya kenalan akun cyber kah;['None'];Not_Hate
Perpecahan antar sesama anak Bangsa sudahh dimulai melalui adu Dombaa Yaa allahh Lindunginan NKRI;['None'];Not_Hate
Persiden dari hasil hubungan gelap mn bisa tenang memimpin negr i g di pcy rakyat;['None'];Not_Hate
Pertanyaan nya klo nikah apakah udh ada calon nya;['None'];Not_Hate
Pertiwiku menangis Karena hati pejabat sdh terkikis Hati rakyat pun teriris;['None'];Not_Hate
Perusak generasi;['None'];Not_Hate
Pidanain mbak Jangan mau ngalah kalo gk salah mbak;['None'];Not_Hate
Pidato Sampah;['None'];Not_Hate
Pidato itu sangat menyindir pak Prabowo;['None'];Not_Hate
Pie toh pak pak kapan petani sejahtera;['None'];Not_Hate
Pikir sih gering Karep karep jokower lah;['None'];Not_Hate
Pilih ahok lahh;['None'];Not_Hate
Pilih lagi;['None'];Not_Hate
Pilih yg muslim aja Sesama Muslim saudara;['None'];Not_Hate
Pilpres sudah lewat bowo sdah mengakui kenapa masih jadi pecundang;['None'];Not_Hate
Pindah negara aya u otong;['None'];Not_Hate
Pindahin ke planet Mars aja N_Target;['wdywap_'];Not_Hate
Pingin nyiram sm air panas lihat congor nya;['None'];Not_Hate
Pintar bicara gak pintar kerja;['None'];Not_Hate
Pinter banget ngomongnya kayak tukang jualan obat kurap jaman dulu realitanya NoL besarr;['None'];Not_Hate
Pinter kaaaaan tenang adem berwibawa kereeen;['None'];Not_Hate
Pinter keblinger;['None'];Not_Hate
Pinter keblinger ud keserempet togog;['None'];Not_Hate
Pinter munafik itu menakutkan;['None'];Not_Hate
Pinter yaa ngomong nya Btw apa cuma ngomong aja yg dia bisa ya;['None'];Not_Hate
Piok kau nes;['None'];Not_Hate
Piye kabare ketua kpu kok ga isin menangno wong koyo ngono;['None'];Not_Hate
Piye sambat kabeh to jamanku kata togog;['None'];Not_Hate
Piye to lg pd ngincer putrinya je;['None'];Not_Hate
Pk Anies mantep Kal yg di wawancararain si anu gmn ya jawabannya;['None'];Not_Hate
Pke bnget;['None'];Not_Hate
Pki laknatullah Biadab;['None'];Not_Hate
Pki nya pd nongol sendiri;['None'];Not_Hate
Planga plogo bego deh;['None'];Not_Hate
Please guys gue bukan china tpi gk semua china gtu Gue punya temen kenalan orang china dan mereka well educated banget bicaranya sopan punya tata krama jadi jangan karna orang china ini berperilaku buruk kita judge seluruh orang china please be kindness;['None'];Not_Hate
Please help;['None'];Not_Hate
Please yang belum MOVE ON dilarang liat ini;['None'];Not_Hate
Pleciden yang tak dianggap;['None'];Not_Hate
Plis inpes in mai kantri;['None'];Not_Hate
Pngen Snaper pake scope X pala nya;['None'];Not_Hate
Pngen gw buka lebar lebar tuh matanya;['None'];Not_Hate
Pngen kembali ke jaman dulu Dimana si sipit liwat depan gw nunduk Cina bangsat;['None'];Not_Hate
Pny modal M buka SPBU bkn jual eceran boz;['None'];Not_Hate
Podo wae mensengsarakan rakyat;['None'];Not_Hate
Pohon sengon oh pohon sengon tega sekali kau wkwkkwkwk;['None'];Not_Hate
Pokoknya bln stop bpjs keluarga mending sy tabung Sebagian persen sumbng mesjid Alhamdulillah ada tabungan akherat;['None'];Not_Hate
Pokoknya klo brkunjung ke berbagai daerah teriakin gitu trus biar malu jd presiden tp g di akui rakyat;['None'];Not_Hate
Pokoknya pak Jokowi Presiden;['None'];Not_Hate
Pokoknya sesuai rencana mereka apapun kebenaran video yg Alan tayang di tv tetap membenarkan pemerintah polisi;['None'];Not_Hate
Polis yang galak coba ke papua deh;['None'];Not_Hate
Polisi pernah loncat di depan mobil depan saya saya bawa motor karena disangka saya mau kabur dari razia Alhamdulillah rem pakem coba klw gak emang dia mau ganti rugi itu mobil ketabrak saya;['None'];Not_Hate
Polisinya panik cuk;['None'];Not_Hate
Politik kekuasaan;['None'];Not_Hate
Politisi kok ky ginipekok e nemeni;['None'];Not_Hate
Positive thingking aja mungkin tu laki emang kturunan anjing;['None'];Not_Hate
Potong aja peler mu boss udah ada bukti itu penjarakan aja;['None'];Not_Hate
Potong tititnya;['None'];Not_Hate
Potoong ajaa;['None'];Not_Hate
Ppp;['None'];Not_Hate
Pr siden yg tak di harapkan;['None'];Not_Hate
Prabaowo;['None'];Not_Hate
Prabowo;['None'];Not_Hate
Prabowo Anis Sandi disingkat PAS;['None'];Not_Hate
Prabowo Prabowo;['None'];Not_Hate
Prabowo Prabowo Prabowo mantull;['None'];Not_Hate
Prabowo aja dulu ah;['None'];Not_Hate
Prabowo dihati rakyat;['None'];Not_Hate
Prabowo itu presiden rakyat Indonesia Kalo jokowi presiden KP Isi sendiri deh;['None'];Not_Hate
Prabowo my president;['None'];Not_Hate
Prabowo pilihan rakyat;['None'];Not_Hate
Prabowo presiden;['None'];Not_Hate
Prabowo presiden di hatiku;['None'];Not_Hate
Prabowo sandi;['None'];Not_Hate
Prabowo sandi the best;['None'];Not_Hate
Prabowo sandi yg layak d lantik presiden;['None'];Not_Hate
Prabowo sll dihati;['None'];Not_Hate
Prabowo ttp d hati rakyat;['None'];Not_Hate
Prabowo vs anies pilih mana ni;['None'];Not_Hate
PrabowoPresidenRepublikIndonesiaSesungguhnya;['None'];Not_Hate
Prabowoo;['None'];Not_Hate
Prabowooooo;['None'];Not_Hate
Prabowosandi tak terbendung;['None'];Not_Hate
Preciden precidenan x;['None'];Not_Hate
Preeeet;['None'];Not_Hate
Preeet;['None'];Not_Hate
Presideennya manaaaaa;['None'];Not_Hate
Presiden;['None'];Not_Hate
Presiden Dunia yg GAGAL memimpin negara nya Presiden Venezuela Nicolas Maduro Mantan Presiden Zambia Yahya Jammeh Mantan Presiden Zimbabwe Robert Mugabe ki joko bodho presiden dunia ghoib N_Target meski anda mau jungkir balik nyusun kabinet spt apapun yg anda inginkan negeri ini akn ttp kocar kacir dgn pertumbuhan ekonomi tdk lbh dr tau kenapa krn sebuah kapal akan tenggelam jika pengemudinya bukan seorang nakhoda;['jokowi'];Not_Hate
Presiden KPUxMK;['None'];Not_Hate
Presiden MK ga tau malu;['None'];Not_Hate
Presiden RI th;['None'];Not_Hate
Presiden amiiin;['None'];Not_Hate
Presiden berikutnya;['None'];Not_Hate
Presiden bohongan jadinya;['None'];Not_Hate
Presiden bolak balik masuk got selfie pegang sapu lidi selfie didepan puing Tsunami palu eak eak apelo apelo;['None'];Not_Hate
Presiden bukan pilihan rakyat ga takut malu paaakk buat kunjungan ke daerah;['None'];Not_Hate
Presiden busuk;['None'];Not_Hate
Presiden butuh legitimasi tp legitimasi ada ditangan rakyat Mantab Teruskan Legitimasi milik pak N_Target Sehat selalu pak;['prabowo'];Not_Hate
Presiden dongo N_Target loe denger ga si Apa budeg;['jokowi'];Not_Hate
Presiden dunggu;['None'];Not_Hate
Presiden ga berguna;['None'];Not_Hate
