Username;Comment;Target;Label (0/1)
sutriyonodiarjo;Bani jamban Tenggelamin di septitank saja;['None'];0/1
rit2712;Bani togog emang;['None'];0/1
almuhajir.2008;Bani togog jgn d bawa ke kalimantan ntar malah jd makhluk perusak aja d bumi kalimantan kami;['None'];0/1
kangasep2013;Bani togog pada bengong ndlohom wkwkwk;['None'];0/1
tawakal_juang;Bani togog selalu kepanasan dan kelojotan melihat kiprah FPI yg selalu aktif membantu bencana Aoa yang bisa diperbuat bani togog selain nyinyir;['None'];0/1
angdosh;Bani togog ya gini taek sdh hal lumrah dlm seharian hasil;['None'];0/1
jarkoniwanyadark;BaniTogog Sarapppp;['None'];0/1
bob_12319;Banser nya lagi nyari celana dalem ama BH dulu bro hi hihihihihihi hi hihihihihihi;['None'];0/1
jeffryzen;Baru kali presiden yg tdk diakui rakyat dan maksa jdi pemimpin sejarah terburuk sepanjang masa;['None'];0/1
jefri.afriyanto;Begini muka demokrasi negara konyol semua yang di atas Kong kalikong silahkan bangga atas kenikmatan dunia tapi tunggu lah akhirat menanti terutama pemimpin KPU anda di beri amanat jg curang MK nya tukang penimbang malah gak adil ikut bantu nyumpahin ah biar doa yg tersakiti terkabul;['None'];0/1
koko.sadega;Bela islam gk bole bela kafir bole;['None'];0/1
bravenia1204;Bener emang itu reinkarnasi pki dl mantan pacar gw blg dia anggota prd dan ngaku pki budiman sudjatmiko dan dita indah sari sama wiji tukul tokoh yg dia agung kan dia berusaha nyuci otak gw betapa pki dan gerwani tidak bersalah kl diskusi gw sering berantem akhirnya gw putus gegara kita tak sama cara pandang politik;['None'];0/1
orange.grosir;Berlinang air mataku karena begitu nyeseknya kabar ini buat warga kolam butexxx;['None'];0/1
_rizalmalano_st;Betull;['None'];0/1
phay_jo;Bhs inggrisnya ya sma presiden tailand;['None'];0/1
nabilhoesien;Biadap PKI kw biarkan cok taik lo;['None'];0/1
dickipewe;Biarin dia mungkin doyan makan bangkai sodaranya sendiri N_Target;['gusmiftah'];0/1
adesuherman000000;Bila memang hanya ini satu satunya jln turunkan paksa si jae demi menyelamatkan kemaslahatan negeri tercinta maka tdk ada kata lain selain harus di turunkan;['None'];0/1
fadhiab58;Bismillah Alhamdulillah Muhammadiyah Berkemajuan dan Berpolitik tingkat Tinggi Achirnya Muncul Statemen dar PP Muh Negara dlm Sikon yg Amburadul disemua Lini Kok Mafi Kalam wala Salam Mabberuk PP MUH Saran n Solusinya Gas Pol Sebelum terlambat BANGSA NKRI Benar Punah;['None'];0/1
abdulrahmanhasibuan21;Bntr lagi di penjara perempuan itu karena buat kributan kata polisi org polisinya sudah di bayar Miris hukum ini;['None'];0/1
raniz_maniez;Bukan cebong aja yg blangsatan lha awak juga blangsatan gara cebong;['None'];0/1
ar.diansyah7933;Bukan dimenangkan scr legal Tapi curang dan berbohong Ya klo berani sumpah dihadpan rakyat d liput tv kroni gpp Presiden dan wakil d depan pendukung baris jejer di belakangnya mulai jusuf mancur aqil sirot mangput dm tgblok sby mega Silahkan dibelakang nya dan bersumpah saya tdk curang dan bohong klo saya curang dan bohong lebih baik saya dan pendukung saya jd babi Coba brani tdk;['None'];0/1
isaal_mp;Cara mengalahkan Islam yah dngn fitnah Org kafir tuh pada takut klu v perang Makanya fitnah d sebar;['None'];0/1
puwandi.dika0197;Cebonggwe;['None'];0/1
ysiriyah;Cina Lo numpang di sini gue usir pulang Sono k negara lo;['None'];0/1
lxmibdw;Cina emang suka cari gara;['None'];0/1
suryq.putra;Cina loleng kah ini;['None'];0/1
adihsb_18;Cina sok ber kuasa jaman rezim ini;['None'];0/1
duma_ltoruan;Cina takut difoto pulang tu ke cina pribumi;['None'];0/1
endangkomalasarii;Cina udh numpang ga tau diri;['None'];0/1
aadrian_1010;Baik menurut cebong sudah pasti laknatullah menurut syariat;['None'];Hate
raffa_gaffara77;Bajingan kau mukidi;['None'];Hate
ummi_rsfaf;Bakalan babak belur pdt Esra;['None'];Hate
achdinboy;Bakkkaaar ja tu china;['None'];Hate
dafaswaty;Balas juga di Indonesia hrs dibuat peraturan yg sama ini malah pada bego di Indonesia Cina di elu kan sprt raja sementara kita di cina dibuat sprt kacung;['None'];Hate
heendiisurya;BanSerep setiap unjuk Gigi kebal Goloklah Kebal Gebuk lah susuh ke papua Gempor;['None'];Hate
fikri_mhmd;Bangsad cina;['None'];Hate
mujahidfisabi;Banser artinya ban serep wkwkwk;['None'];Hate
wiumra;Banser mana dasar BanSerap;['None'];Hate
herikurniawan43;Banser tak perlu di jelekin udah keliatan jelek nya Tariiiikkk goyaaaang;['None'];Hate
moh.ersan.afriyona;Bantai PKI jika melihat segera lapor;['None'];Hate
arief_pratama2;Begitulah komunis Cina dikasih hati malah ngelunjak ke warga lokal;['None'];Hate
dithakurniaputri;Berarti bener ya yg dicobloosin masal itu ya berarti MK TAIIIIII;['None'];Hate
omenshakim;Betul tuh jangan dengerin anjing anjing didunia Maya komunis liberalisme fucks JIL;['None'];Hate
rifqyfauzyrahman;Biar banyak dulu cina cina itu uda banyak biar buat onar dulu Udah selesai onarnya kita cingcang kemudian;['None'];Hate
arpisdonalta;Biji cebong digoreng enak;['None'];Hate
oktaaviianus;Blom terulang kejadian cina dulu di bakar;['None'];Hate
zensbungsuh;Bodooooooh Jellas PKI yg sangat kejam Kpada Ulamak;['None'];Hate
putra_banned;Braninya di tempt rame sm lawannya cewe ke tempat sepi mata sipit duel ayo;['None'];Hate
woles_10;Buat Rakyat NKRI Dari Sabang Sampai Marauke Mari Kita Bersatu Jangan dibiarkan Berkembang Biak Anak Cucu dan Antek PKI Komunis di NKRI ini Kita Yang Menjunjung Tinggi Nilai Nilai PANCASILA DAN UUD Kita Wajib binasakan PKI Komunis dari NKRI Mereka Itu Penghianat Mereka Itu Dalang Pembunuhan Ulama Ustad Jenderal TNI dan Kerusuhan Mari Kita Bersatu Untuk Perangi Mereka Kalian semua juga sdh tau Orang nya siapa saja mereka ada yg duduk di pemerintahan di parpol hati PKI Komunis itu Licik Mereka Itu yg menyebarkan Isu Khilafah Mereka suka putar balikkan fakta dgn pencitraan mereka tdk beragama hanya mengaku beragama biar di anggap sm rakyat NKRI mari berpikir sehat dan cerdas utk menjaga NKRI ini dri aksi tipu PKI Komunis yg sdh berjalan di NKRI ini;['None'];Hate
rhgnz_;Buat papatah baru ahhh songong tanda tak pintar terkhusus mukiwi;['None'];Hate
rezaklubis;CINA ANJING CUKONG ITU AYOK CIna bajingan pergi kelen ke Tiongkok sana;['None'];Hate
amran_genio;CINA ANJING LU;['None'];Hate
martino_bimo;CINA YAA HADEHH GEBUKIN AJA LAH BUKAN MANUSIA DIA;['None'];Hate
dodod_urband;Cebong emang merugikan Kita pasti ikut kebawa rugi Geura paraeh atuh lah cebong teh Mubadzir;['None'];Hate
aadrian_1010;Cebong gak akan faham;['None'];Hate
ien_bj_ghuchi;Cebong itu yg penting hidup senang dan perut kenyang;['None'];Hate
sadhamchocs_;Cebong mah pnas smpe mau pindah ibu kota;['None'];Hate
fera_tommy;Cebong mana cebong Sdh baca blm ini;['None'];Hate
dhe_ci_11;Cebong mana cebong yg selalu bilang isu PKI hanya hoax belaka;['None'];Hate
dian_putra3676mdpl;Cebong mna ada yg d akui;['None'];Hate
ajo6039;Cebong susah untuk di sembuhkan;['None'];Hate
arini_indah_1329;Cebong takuuuuuut;['None'];Hate
lenaria6;Cebong tolol bin togog lebihh guooblog;['None'];Hate
vinobanks;Cebong tuh sipit;['None'];Hate
widia_qholby;Cebong yang dengar mah masuk telinga kanan keluar telinga kiri;['None'];Hate
_inthan_;Ceceb sekolam manalah ribut;['None'];Hate
rizkipaull;China anjing;['None'];Hate
aizets;China kafir bunuh halal;['None'];Hate
moch.firmansyah2;China komunis berbondong masuk ke Indonesia makin ga ketauan;['None'];Hate
aullioadi78;China kontol tapi di pungut terus pemerintah edan;['None'];Hate
aciikmw;China merajalela skrg Minta di matiin tuh org;['None'];Hate
nunung5747;China semakin ngelunjak;['None'];Hate
dnmrtofficial;China tai anjing ga sadar tinggal dimana malah semena bangsat lu cina pulang sono ke tiongkok paling di sana lu lu pada cuma jadi pengemis sadar lu;['None'];Hate
otoyz789;Cibeng cinabrengsek;['None'];Hate
api_tinju;Cina NGENTOT;['None'];Hate
rajapratamalubis;Cina anjeng udh menumpang di Indonesia malah meleceh pulak berani kau sama wanita sama pria berani gk kau;['None'];Hate
andiwijaya12358;Cina anjing;['None'];Hate
akuphi;Cina anjing komunis;['None'];Hate
tama_t26;Cina anjing makin ngelunjak d negeri ini taik;['None'];Hate
anginbiru_88;Cina babi bangsat kau Tendang aja ni binatang cina anjing ke tiongkok tempat asalnya;['None'];Hate
evandrizki;Cina babi cina setan bangsat benalu kau eh para elit politik para petinggi negara para petinggi polri kalian mau diam terus n memanjakan setan Cina ini bangsat;['None'];Hate
ariadihadi;Cina babi tu kayanya;['None'];Hate
irasafitri53;Cina bangsat;['None'];Hate
iksan_v.nta;Cina bangsat cina ngentot;['None'];Hate
ricky_alamsah;Cina bqngzat ye kayaknye;['None'];Hate
zazabulu07;Cina celeng;['None'];Hate
agobango;Cina codot;['None'];Hate
chie.anggrainy;Cina gila;['None'];Hate
irasafitri53;Cina kampang lu y;['None'];Hate
robymarco35;Cina kontol;['None'];Hate
kang_ny0;Cina kupret bikin ulah lgi smoga bpk TNI segera menindaklanjuti;['None'];Hate
ulertomat;Cina sampah;['None'];Hate
sr8353028;Cina semakin menjadi anjayyy;['None'];Hate
rifqifadeel;Cina tai lu orang;['None'];Hate
farrasrundengan;Cina tolol cina goblok;['None'];Hate
forever_creations05;Cina ya semakin kurang ajar;['None'];Hate
ffebra_oktariansyah;Cinaaa bangsattttt yg cinaaa kaya gituu bangsatttt;['None'];Hate
faridarafif;Cinaaaa dafuq;['None'];Hate
febikurniawan_24;Bagus pak;['None'];Not_Hate
sanusi_imran;Bagusnya digoreng tu;['None'];Not_Hate
ifitjr11;Bagusnya dipancung itu orang;['None'];Not_Hate
putera.w1_gg_united;Bah Cemana ny min Orang ny itu itu aj ku tengok;['None'];Not_Hate
kopikeppas_sidikalang;Bah bettul nyabimi mbak;['None'];Not_Hate
p.hindhardika;Bah kasihan tidak dianggap rakyat sendiri wkaw ngakak;['None'];Not_Hate
nova_agentberl_cosmetic;Bahahahaha;['None'];Not_Hate
iuan_dz;Bahasa English nya pak Anies kok gak ada yang protes yaa;['None'];Not_Hate
rissaraihan2;Bahkan di qur an pun jelas umat islam harus membela agamanya;['None'];Not_Hate
droneino;Bahlul;['None'];Not_Hate
rose38id;Bahlul antum SAUD;['None'];Not_Hate
uncle_zack;Bahlul bin bungul laknatullah alaiih;['None'];Not_Hate
erlangga.ipit;Bajer;['None'];Not_Hate
bangale2;Bajingan;['None'];Not_Hate
fitriyaalestaryy;Bajingan Provokator asu Gak bisa ngredam suasana malah bikin tambah panas Buat lo yang POST lo gak lebih dari seekor ANJING;['None'];Not_Hate
mamalika624;Bajingan tengik makin menjadi sama pribumi;['None'];Not_Hate
arief.koto.14;Bakal terjai di t yg lain Kasian presiden;['None'];Not_Hate
abd_qohar54;Bakalan di usut satu kampung ini;['None'];Not_Hate
the_bangkes;Bakar;['None'];Not_Hate
anamira_komala;Bakar TUMAN;['None'];Not_Hate
roesly79;Bakar aja;['None'];Not_Hate
arisbudiasa;Bakar hidup;['None'];Not_Hate
fajarsubhi90;Bakarrr;['None'];Not_Hate
ifanaffandy;Bakarrrr;['None'];Not_Hate
zitojink;Bakul obat;['None'];Not_Hate
reniabunawar;Balik lu k negara lu bikin kesal bgt ni manusia;['None'];Not_Hate
burger_official19;Ban jokowi;['None'];Not_Hate
budi.suyanto.7330;Banci babi tu olang;['None'];Not_Hate
4dien_aje;Banci kaleng itu mah tandain mukanya;['None'];Not_Hate
sulaiman_sastrodihadjo;Bandot;['None'];Not_Hate
desiristanti1;Bandung gokil;['None'];Not_Hate
mahani.nuraini;Bandung hebat jagoanlah cihuuuuuyyyy;['None'];Not_Hate
billylewandowsky;Bandung kapan nih;['None'];Not_Hate
rr_zakiyyah5274;Bandung keren;['None'];Not_Hate
aryani2305;Bandung lautan api Semangat mereka tidak pernah bisa dipadamkan;['None'];Not_Hate
km01_paint;Bandung mantab;['None'];Not_Hate
arissutiaris;Bandung mantap pisann ke mun lewat ken masi te trimaas uwingg presiden hsil;['None'];Not_Hate
widiyani21;Bandung tea atuh;['None'];Not_Hate
ummysarrah;Bandung teaaaa;['None'];Not_Hate
iam_nurass;Bang N_Target;['hotmanparisofficial'];Not_Hate
wijay_veejay;Bang nitip sekalian kalau ketemu ini orang sunatin sekali lagi;['None'];Not_Hate
wily_agustian;Bangeeeddd;['None'];Not_Hate
lulutevioptus2;Bangeeeeeeeeeeeeeeeeet;['None'];Not_Hate
nank_8421;Bangeeeeeeeet;['None'];Not_Hate
nabilmnur;Bangeeeeettt;['None'];Not_Hate
nollynur8;Bangeeeeettttss;['None'];Not_Hate
yenny2262;Bangeeeet;['None'];Not_Hate
maulidautomo;Bangeeeetttt;['None'];Not_Hate
ayi_za76;Bangeeet;['None'];Not_Hate
norjanah45;Bangeeet se;['None'];Not_Hate
umi_lmi;Bangeettt;['None'];Not_Hate
didiksuryana;Bangeettttttt;['None'];Not_Hate
sugengbudi0163;Banget;['None'];Not_Hate
hermanvalufi;Banget Tumbang kan Rejim sintoloyo;['None'];Not_Hate
galery_afifah;Banget banget ah;['None'];Not_Hate
slv_esa23;Banget setuju nya;['None'];Not_Hate
mr.g_nugroho;Bangett;['None'];Not_Hate
wiwienagus;Bangetttt;['None'];Not_Hate
adang.hermawan;Bangetttttt;['None'];Not_Hate
rndsfiafd1512;Bangeut;['None'];Not_Hate
zha_46;Bangeuuuuudddd;['None'];Not_Hate
amirudin_ibnu_sidiq;Bangga indo punya putra terbaik bangsa ini;['None'];Not_Hate
hasni_hosny;Bangga nyaaa ini baru presiden kitaa;['None'];Not_Hate
firdaaprie_firmanti;Bangga sama pak Anies tapi pujilah orang tanpa harus menjatuhkan org lain Itu gak menunjukkan km lebih baik min;['None'];Not_Hate
ah_maesuri68;Bangsaaat yg suka hina ulama;['None'];Not_Hate
aanputra5620;Bangsat;['None'];Not_Hate
binafa._;Bangsat kok saya yg kesel liat congorx;['None'];Not_Hate
den.mas14;Bangsat ni org pgn gw tonjok gigi lu sampe rontok bangsat;['None'];Not_Hate
rayendra84;Bangsat tu orng klo ada aq disana saya finis him tu orng;['None'];Not_Hate
trisulis.alzy;Bangsat tuh orang;['None'];Not_Hate
fadhil.yannas;Bank kok ngene rekk mending multi bank di simpen di sini dan sono biar klo bermasalah ada cadangannya kayak genset;['None'];Not_Hate
ida130956;Bank sendiri dan station TV sendiri untuk mengimbangi berita rekayasa;['None'];Not_Hate
aldosyahir14;Bank toyib;['None'];Not_Hate
yeffriansjah.s;Banknya mas sandi bukopin ya gunakan itu saja;['None'];Not_Hate
angkek_simelue;Banser;['None'];Not_Hate
ade_af91;Banser Banser tolong ado yg mau makar iniiii;['None'];Not_Hate
zaffrullah24;Banser NU;['None'];Not_Hate
wahyuananto29;Banser apaan itu ya;['None'];Not_Hate
wildshaf;Bantai aja tuh orang;['None'];Not_Hate
myheroyuki;Bantai nih babi;['None'];Not_Hate
indrawhydi_;Banyak uang dan cewe;['None'];Not_Hate
dimitria1130;Banyak yg awam hnya tau brita yg indah indah d tv jd muja muji kerja nya presiden yg dimenangkan pdhl;['None'];Not_Hate
jank_muiz;Bapak N_Target lihat ini pak begitu cintanya rakyat kepada bapak Jangan sakiti mereka yg berjuang pak saya yakin dan percaya bapak tidak akan melakukan itu;['prabowo'];Not_Hate
bangpoh86;Bapak adalah Peresiden sesuai dgn pasal UUD selamat;['None'];Not_Hate
novalindaa_;Bapak meni keren;['None'];Not_Hate
akisherman2018;Bapak pinter pisan;['None'];Not_Hate
mohammadmardiono;Bapak sehat pak;['None'];Not_Hate
suwardiwiratama;Bapak yg satu ini dikeroyok dr segala penjuru krn beliau sudah dikepung pengkhianat negara pengkhianat yg jual negaranya ke asing demi memperkaya diri sendiri semoga alloh melindungimu pak;['None'];Not_Hate
nonongxx;Bapamu ni N_Target;['fris'];Not_Hate
windy_setyani;Barakallah;['None'];Not_Hate
elia93400;Barakallah Ustad;['None'];Not_Hate
dhannylov929;Barakallah be sehat slalu tetap hati jangan sampe jadi tersangka be ane tau babe gak takut masuk penjara tapi kalo masuk kan nanti kekuatan berkurang be N_Target;['haikalhassan_quote'];Not_Hate
icih_caroline08;Barakallah fiikum Habib;['None'];Not_Hate
poppy.magdalena;Barakallah pak Anies;['None'];Not_Hate
masnahana;Barakallah pak Anis;['None'];Not_Hate
arif_himawan92;Barakallah pak anies Presiden;['None'];Not_Hate
mama_nisya_rey;Barakallah pak anis;['None'];Not_Hate
narisayekti;Barakallahu Fikum Buya Yahya;['None'];Not_Hate
nurasiagorgasiregar;Barakallahu apa bisa ya si jae beginian ekekekeekk;['None'];Not_Hate
ray_barbershop;Barakallahu fiik pak Anies;['None'];Not_Hate
rinjohara;Barakallahu pak Anis;['None'];Not_Hate
dewiatang_212;Barakallohu habibbana;['None'];Not_Hate
aj.buddyp;Barang haram dipakai malah membikin gelisah;['None'];Not_Hate
sujanaengkan;Barokallah;['None'];Not_Hate
nunacookies18;Barokallah fiikum p Anis semoga Allah pelihara anda dri fitnah dunia akherat selalu sehat dan dlm rahmad Allah amiin;['None'];Not_Hate
korokoroki;Barokallahu fiykum barisan Jundullah;['None'];Not_Hate
ahmadsyarif.heryadi;Barokalloh Pak Anies;['None'];Not_Hate
niken_brownies;Barokalloh fiik ustadz;['None'];Not_Hate
suminartiimas;Barokalloh pa semoga Indonesia bisa dipimpin seperti beliau;['None'];Not_Hate
o_ih76;Barokallohufik Ustadz Fadlan Algaramatan;['None'];Not_Hate
brawijayasupllaier_service;Barrakallah habib Terbukti saat ini;['None'];Not_Hate
bookharee_man_up;Baru bisa ngajakin masuk Islam pak ogah aja udah mulai berani nih si emif;['None'];Not_Hate
budinoye;Baru kali ini pemimpin dak dihargai dg rakyatnya;['None'];Not_Hate
ingcollectiont;Baru liat lgsg merinding Aids skrg udh banyaj;['None'];Not_Hate
chuspri;Baru punya satu modal siapkan modal lain nya;['None'];Not_Hate
51298_sadra;Baru sadar dulu kemana ajah;['None'];Not_Hate
hdani;Baru sedikit yg merasa gerah he bentar lagi akan lebih banyak yg kerasa semoga bersatu;['None'];Not_Hate
ramdhan616;Baru tau gw ada demobener tv jaman now;['None'];Not_Hate
sadhamchocs_;Bau Pak jokowi priode;['None'];Not_Hate
yudhicom;Bau babi mulutnya;['None'];Not_Hate
emiwati63;Bawa kedebok pisang buat apa itu;['None'];Not_Hate
makmur.muhammad;Bayangin klw Tu posisi pak president ditanya panjang lebar seperti itu mnggunakan english speak What happened;['None'];Not_Hate
chila_070716;Bebas dengan minta maaf;['None'];Not_Hate
saepulbhary;Bebas klau orang kya gini mahh;['None'];Not_Hate
sandy.hash;Bebas mah dia ga bakal di kasus kan;['None'];Not_Hate
zenal.mutakien;Beda banget sm presiden;['None'];Not_Hate
tinul_401;Beda gak ya sama tukang palak;['None'];Not_Hate
ida130956;Beda kelas;['None'];Not_Hate
adeofficial12;Beda lah beban hidup sama berat mobilmah;['None'];Not_Hate
apudmahpudin;Beda level pemikiran Beda level kebijaksanaan dan beda level segala galanya So start from now i will stop comparing coz it is mot comparable;['None'];Not_Hate
mohana_clearesta;Beda perlakuan antara ISLAM DAN KRISTEN;['None'];Not_Hate
lailannazly;Begitu nasib kl negara berutang rakyat yg hrs membayar derita mkn panjang ajaaaaa;['None'];Not_Hate
raufnanny;Begitulah Indonesia yg tdk pernah menghargai kerja keras anak bangsa;['None'];Not_Hate
bebebnanoey;Belajar berhitung gaes;['None'];Not_Hate
bunda.dara.dzaky;Belajar dicomberan;['None'];Not_Hate
maikaltar;Beliau ini habib rizieq mas bukan rijik anda hati klau berbicara anda nanti mau minta syafaat sama siapa Ini bukan orang NU orang NU itu Ahlussunnah wal jamaah;['None'];Not_Hate
ayu_aida98;Beliau kacau jadilah NEGARA KACAU BELIAU;['None'];Not_Hate
sonyaaaaw;Beliau pun hampir melecehkan teman saya juga waktu malam didaerah kelapa hybrida pas teman saya pulang kerja Kayanya emng beliau gangguan jiwa kalo beliau ngegodain cewe tp sama cewe ga direspon bakal dikata katain seperti itu Ruko beliau bersebelahan dengan tempat saya bekerja daerah hybrida kelapa gading;['None'];Not_Hate
bambang_fahrozi;Beliau yakin jeruk takkan makan jeruk atasannya satu prinsip dg nya ingat herbertusjk;['None'];Not_Hate
t4ntri_27;Beliaunya mah mungkin ngga pengen KITA YG PENGEN Pak;['None'];Not_Hate
rsnou;Belum lagi rencananya impor rektor penguasa skrng rada rada kecompret;['None'];Not_Hate
fajarezan;Belum tau aja si cowok kalau cewek udh ngamuk untung mbak nya sabar;['None'];Not_Hate
fadelmuhammadfriz;Benalu gokil kayak ndase;['None'];Not_Hate
nurul766hi2019;Benar banget bang Rocky;['None'];Not_Hate
alle_man87;Benar benar terbuat dari apa hatimu pak prabowo Yg sebelah mah kalah x pernah dtg ke pelantikan gak siiih;['None'];Not_Hate
hanakaru33;Benar bgt min itu si entong belum di sunat x;['None'];Not_Hate
enno_kurnia;Benar sekali itu;['None'];Not_Hate
anwaricandra;Benar yg diucapkan BAPAK SOEKARNO KITA MELAWAN BANGSA SENDIRI PRAYFORPAPUAPAPUASATUNKRI;['None'];Not_Hate
abiabi9674;Benarkah ini min;['None'];Not_Hate
iwan0731;Bener banget;['None'];Not_Hate
anwar_7963;Bener bener merinding moga yang lain gitu juga;['None'];Not_Hate
tatisiregartati;Bener ga neeh beritanya Klw bener seneng banget;['None'];Not_Hate
evanssukasuka;Bener gak dianggap;['None'];Not_Hate
kepompongkupukupu123;Bener ini min bukan vidio kmaren kampanye kan;['None'];Not_Hate
ming_miaalbasir;Bener kata rocky gerung Pak jokowi memang menang di MK namun legitimasi kemenangan yg sesungguhnya ada di rakyat;['None'];Not_Hate
niennovitasari;Bener nih gubernur Indonesia N_Target N_Target N_Target N_Target N_Target;['acan07', 'kenkenar', 'adelisasardi', 'aldousadela', '_siitast'];Not_Hate
nopalempire.c;Bener sekali Gus Saya ini asli tdk NU tp salut dg anda Sabar sj Gus dan selama ada kebatilan dan kecurangan saya yakin anda salah satu yg menentangnya walaupun banyak munafik dan penghianat bangsa pd memusuhi anda Saya yakin Allqh bersama anda;['None'];Not_Hate
pancarsarana;Bener ucapan bung RG di ILC yg presiden tdk ada beban lg maka bila merampok jg tdk ada beban;['None'];Not_Hate
herudirgo;Beneran min Ruar biasa Mesti ada kejadian tak terduga terjadi nieh;['None'];Not_Hate
halimatussadiyah_77;Beneran teh Seriusan Biayanya Terus ngutang lg gitu BPJS apa kabarnya Lieeurrr saya mah;['None'];Not_Hate
esa_setya;Bentar lagi mati bocah itu;['None'];Not_Hate
diazayta;Bentar lg jg minta maaf sambil nangis;['None'];Not_Hate
bambang_fahrozi;Berani karena beliau yakin;['None'];Not_Hate
irawandee5;Berani mereka terang an karena melanggar UU;['None'];Not_Hate
yudhicom;Berani ngk pak polesong bubariin;['None'];Not_Hate
siddiq_bin_achmad24;Berani ny sama cewe belom pernah makan golok kali tu mulut ya;['None'];Not_Hate
wijanarko4312;Berani nya sama cewek mulut kaga disekolahin bangke;['None'];Not_Hate
m.alinur1976;Beraninya sama perempuan ngomong yang tak pantas padahal dia lahir dari seorang ibu yg juga perempuan sungguh perilaku yg tak terpuji dan tidak patut dicontoh;['None'];Not_Hate
adhikarautomo;Berapa sih pengaruhnya ibu beli tas impor terhadap neraca perdagangan Indonesia Haduuh Impor komoditi tuh baru gede pengaruhnya;['None'];Not_Hate
vinny_cantik;Berarti kan memang ada kecurangan tuh Knp kata MK ga ada Poniang kami rakyat jelata nih meliat keatas;['None'];Not_Hate
tatang.mardiana;Berarti pinter c udin awas din ada rajia kena tilang nyata di dunia;['None'];Not_Hate
_dcahyo;Berarti putin paham sma Islam Nice;['None'];Not_Hate
ivonneayesha;Berarti seruan hati nurani rakyat sengaja diremehkan ya min;['None'];Not_Hate
tinihariss;Berasa Presiden bicara ke dunia;['None'];Not_Hate
firmanpi;Berat suara anis untuk jateng dan jatim sandiaga mending sama jenderal gatot nurmantyo;['None'];Not_Hate
ronipramidya;Berbahagialah kalian dengan pilihan kalian bong;['None'];Not_Hate
neng.idiiw;Berdebat dgn kebuduhannya sendiri;['None'];Not_Hate
iqbal_makaro;Bergetar hati ku Masya ALLAH;['None'];Not_Hate
kiki_bendre;Berhubung yang ngomong matanye kagak lebaaar Ntr yg diproses yg dikata in jadinyaa Semoga Allah melindungi anda mbaa Krn hukum di sini tau sendiri laaah;['None'];Not_Hate
linnydharma;Berikan ajalah dulu yg terbaik untuk negri ini;['None'];Not_Hate
bunda.dara.dzaky;Berita lama;['None'];Not_Hate
raaraaa_09;Beritax beda banget dgn di media cuma ini yg berbeda;['None'];Not_Hate
lenaria6;Berjuang belum usaiiii;['None'];Not_Hate
andikatubqk00;Berjuang tete;['None'];Not_Hate
bradjasakti;Berkelas Gubernur rasa presiden;['None'];Not_Hate
codotfirman;Berpakaian tapi telanjang;['None'];Not_Hate
torro_poy74;Berpikir positif aja jangan menghakimi dgn apa yg dilakukan bertemu krn itu bisa memperpecah kita dukung sampe membuktikan apa yg terjadi;['None'];Not_Hate
firman_mu21;Berrak;['None'];Not_Hate
apakabarfriend;Bertarung dengan TGB nanti di;['None'];Not_Hate
murwahyuni06;Besok besok kl lewat lg sorakin lg;['None'];Not_Hate
suwardiwiratama;Betapa susahnya mencari sosok penegak hukum yg jujur dan amanah dinegeri ini diantara banyaknya orang pintar dinegeri ini sangat sulit menemukan orang yg jujur dan amanah apakah ini pertanda akan hancur leburnya kehidupan berbangsa yg berasas keadilan sosial bagi seluruh rakyatnya;['None'];Not_Hate
_ilham_y;Betol betol betol;['None'];Not_Hate
arsenio3007;Betul;['None'];Not_Hate
ermaprihartini;Betul FPI selalu di dpn membantu rakyat;['None'];Not_Hate
syfha_ramadhan;Betul aja firasat gw;['None'];Not_Hate
bglee07;Betul banget;['None'];Not_Hate
qadari_hiyadara;Betul betul betul;['None'];Not_Hate
duaempat_property;Betul betul betul Gus;['None'];Not_Hate
najwashop08_;Betul gus ngeri lihatnya udah bosan rezim ini ngubar ngubar janji BUMN satu persatu runtuh tandanya apa ini;['None'];Not_Hate
karim_maliq;Betul n Bnar bget Tidak Terbantahkan;['None'];Not_Hate
muhammadilhamumar;Betul pak Anis;['None'];Not_Hate
elangbiru737;Betul sekali itu ungkapan Aa Gym;['None'];Not_Hate
rikoseptianton;Betul setuju biar ketahuan kerja ngapain;['None'];Not_Hate
nismaislami;Betulll;['None'];Not_Hate
sukandi.akhmad;Beuuhhh ini presiden jakarta speaking well english;['None'];Not_Hate
lindlcrochet;Bgm ni N_Target N_Target N_Target N_Target N_Target;['jokowi', 'kemendagri', 'jusufkalla', 'infotemanjokowi', 'wapresri'];Not_Hate
latrisa_la;Bgtt;['None'];Not_Hate
saepulbhary;Bgtt Pasti indonesia disegani dunia;['None'];Not_Hate
irawan1680;Bhs Inggris nya lancar ya seperti saya N_Target N_Target N_Target N_Target;['gintingkecil', 'rahmatakbarmz', 'mhdfadhila_', 'biimasatriia'];Not_Hate
bekam_bdg;Biadab;['None'];Not_Hate
hannasyukurr;Biadab laknat tuh orang;['None'];Not_Hate
arasharcy;Biadap tu orang;['None'];Not_Hate
tinul_401;Biar apaaa coba pada gitu;['None'];Not_Hate
vuad_hassan;Biar azab allah yg membalas org curang atas kuasa mereka di dunia;['None'];Not_Hate
_bokengslowlay;Biar bangkrut;['None'];Not_Hate
achonk1468;Biar minggat smua;['None'];Not_Hate
idamalmahdi;Biar pa mentri agama ajh yg jawab;['None'];Not_Hate
erikasusanti_18;Biar saja Meraka teriak entar malu sendiri;['None'];Not_Hate
sidikmas84;Biar saja mo milih syurga ato neraka pilihan masing aku milih yg enag aja sate kambing;['None'];Not_Hate
sutarmanlibra12;Biar seperti kerajaan;['None'];Not_Hate
4_bintang_kawanua;Biar tidak ada yang berani mengulang;['None'];Not_Hate
vhinocahk;Biarin min ntar jga kena asap tebal;['None'];Not_Hate
rusma367;Biarlah kami rakyat menonton keangkuhan kalian;['None'];Not_Hate
rowitanjung;Biarlah wktu yg mnjwb;['None'];Not_Hate
jamurtlethongtlethong;Biasa aja gak usah lebae dan provokatif;['None'];Not_Hate
almsyhhh;Biasa nya yg minimalis gini mah aman di mata negara wkwk;['None'];Not_Hate
novannbanyoll;Biasa presiden;['None'];Not_Hate
yogisuswandi;Biasanya kalo ke pihaknya pak prabowo di potong terus ngmngnya giliran ke ahok diem malah kalah;['None'];Not_Hate
fitria_rahmawati06;Biasanya orang kayak gini matinya lama;['None'];Not_Hate
lilalyla32;Biassaaa;['None'];Not_Hate
kayanesandi;Bibit yajuj majuj;['None'];Not_Hate
terassq;Bikin BANK sendiri sma Bikin TV sendiri biar beritanya berimbang soalnya TV Mainstream gk asyik udh gk berimabang;['None'];Not_Hate
koswarayusup;Bikin bulu kuduk ini merinding begitu kecintaan pada Pak Anies Allahu Akbar Pemimpin yang terbaik dimiliki Bangsa saat ini lanjutkan Pak Anies;['None'];Not_Hate
al_fahrud;Bilang anjing sama orang padahal yang temanya anjing mah dia gak percaya Di rumahnya dia satu atap sama anjing hahahaha;['None'];Not_Hate
gelora_jiwa88;Bilang taik lah Anjing lah itu aja yg diucapin;['None'];Not_Hate
ruslan_inspirer;Binatang di tembak aja tu orang pemecah umat dan satu lagi pemerintah mana kok yang ginian di diemin belum ada beritanya mana yang slalu teriak NKRI harga mati;['None'];Not_Hate
drg.emi_rohmawati;Bingung dah mau ngomong apa lagi;['None'];Not_Hate
dedyju_sabyan11;Bingung mo ngerjain sapa;['None'];Not_Hate
m.fajar57;Bingung siih tapi selagi masih ada kesempatan untuk nikaah yaa mending nikaah dulu kalo udah nikaah baru ajak istri beerjuang untuk mencegah kemunkaran sang istri berdakwah ketempat ibu yg suka rumpi kita sang suami ancurin tempat miras perjudian terus tempat zinaaa dll;['None'];Not_Hate
maryuniastuti;Bisa aja;['None'];Not_Hate
iwan_suhendri;Bisa apa lu N_Target;['jokowi'];Not_Hate
rockwear_hardskill_bookink;Bisa jadi cm sekali aja tdr cm jam krn insomnia;['None'];Not_Hate
pramamtya.icha;Bismillah;['None'];Not_Hate
bismillaah8867;Bismillah Allahuakbar ya Allah SWT teguh lah negeri ini;['None'];Not_Hate
hodieprabowo;Bismillah N_Target N_Target N_Target;['rterdogan', 'chedetofficial', 'kingsalman'];Not_Hate
hodieprabowo;Bismillah N_Target N_Target N_Target N_Target N_Target N_Target N_Target N_Target N_Target;['nytimes', 'washingtonpost', 'cnnindonesiatv', 'cnnmuslim', 'bbcnewstv', 'washingtonpost', 'reuters', 'aljazeera', 'aljazeeraenglish'];Not_Hate
riayut;Bismillah pendukungmu selalu mengiringi setiap langkahmu pa prabowo sandi dengan doa;['None'];Not_Hate
wantiayu089;Bismillah setuju bgt;['None'];Not_Hate
lailatulizaty;Bismillah ya Allah mudahkanlah lancarkanlah dn lindungilah demo saudara yg berada di jkt Aamiin;['None'];Not_Hate
bogorhomemadecheesecake;Bismillahirrahmanirrahim InsyaaAllah ketika dajjal muncul dia masih hidup kemudian Allah turunkan laknat kepadanya dengan tiada ampun untuk keturunannya juga aamiin InsyaaAllah;['None'];Not_Hate
sandy_nderick;Bisnis para elit;['None'];Not_Hate
mpo_toyib;Bjn pres gue x;['None'];Not_Hate
rahmadinara.id;Bkn di apresiasi;['None'];Not_Hate
hidayani1307;Bkn ngakak lg bang tapi terheran;['None'];Not_Hate
mrullyfirdaus87;Bkn presiden ku;['None'];Not_Hate
tiana_ajah;Bkn urusan saya Jae;['None'];Not_Hate
wahyuhda;Blagu amat bab kura;['None'];Not_Hate
diaasriani;Blg musibah dgn rasa bangga bahagia congkaknya Kemenangan curang mmg musibah kata itu doa bu;['None'];Not_Hate
dewimarzuqi;Blm pernah liat anak gadisnya masak;['None'];Not_Hate
sigithendratno;Bloon sampe ketulang;['None'];Not_Hate
rahmisyof;Blooooon poool;['None'];Not_Hate
meifanny_ilyas;Blunder lg deh kader PSI;['None'];Not_Hate
heendiisurya;Bntar lg nyambung kencing nanah;['None'];Not_Hate
doyokma;Bnyk duit kyknya;['None'];Not_Hate
simon.jr82;Boaa edaaannn eta mak;['None'];Not_Hate
jsjans;Bocah gede;['None'];Not_Hate
totokuda23;Bodo amat;['None'];Not_Hate
zaraazzale;Bodo amat lah;['None'];Not_Hate
maynimayy;Bodo amat lah Mao naek kek mao disesuaikan kek judul nye rakyat ke beratan;['None'];Not_Hate
yunia_fatmawati;Bodo amat untung ga pake bpjs;['None'];Not_Hate
rmboedhi36;Bodoh kok dipelihara;['None'];Not_Hate
fadhlan13_proart_design;Boleh digunting tuh lidahnya;['None'];Not_Hate
teti_knia;Boleh ngakak gk;['None'];Not_Hate
raffi_galausky;Bos N_Target sikat nih makhluk;['opposite6890'];Not_Hate
andiyusroniyusroni;Bos paling gendeng min;['None'];Not_Hate
_fandfandi;Bpjs di naikkan tarif nya rakyak makin menderita;['None'];Not_Hate
kulillah_jambari;Bpk Anies Baswedan Yang Beriman santun Cerdas Baik Jujur tegas loyal kpd Rakyat dan Adil Aamiin;['None'];Not_Hate
ahmad.sumarno.7528;Bpk Anies Baswedan is the best semoga beliau selalu dalam lindungan Allah SWT Aamiin Aamiin Aamiin ya robbal alamin;['None'];Not_Hate
anna.rochana.98;Bpk Gubernur yg sangat membanggakan rakyat Indoesia;['None'];Not_Hate
khanza9797;Brarti qt yg ditinggal jadi orang apa Orang udik apa orang kampoong yak;['None'];Not_Hate
hanakaru33;Bravo;['None'];Not_Hate
firdsoul;Bravo Goodbeneer indonesia;['None'];Not_Hate
elpinamita;Bravo Pak Prabowo Semoga sukses selalu Aamiinu;['None'];Not_Hate
meifanny_ilyas;Brengsek nih keparat;['None'];Not_Hate
laily_hpai;Brp hrgnya mba;['None'];Not_Hate
ransialgandhi;Bsa streaming gak nih;['None'];Not_Hate
andi.indah274;Buahahahhahaha panik;['None'];Not_Hate
gumelar.nugrahag_;Buang aja org kayak gtu kasihan negeri ini d kotori kaum gila;['None'];Not_Hate
andre_zaghi;Buat apa;['None'];Not_Hate
abdurrosyid_fahmi;Buat lucu lucuan Kalo kata tuWIR;['None'];Not_Hate
gengsuriyadi;Buat yg blm tau apa itu arti radikal nih contoh nyata radikal yg sebenarnya bukan yg ceramah di masjid;['None'];Not_Hate
kantiarkansa;Buat yg iri silahkan tunjukkan dengan prestasi Jgn malah cari kesalahan yg bukan hal yg salah;['None'];Not_Hate
papa_hiko;Bubar;['None'];Not_Hate
ummah_maslacha;Bubar Bubar;['None'];Not_Hate
hj.ratnawatimisran;Bubar bubar tenggelamkan;['None'];Not_Hate
asepalesales;Bubar deh indonesia;['None'];Not_Hate
yudhicom;Bubariin noh ormas berpaham komuniz;['None'];Not_Hate
medanimedani;Bubarin aja ini negara;['None'];Not_Hate
kurakuraterbang21;Bubarkan FPI;['None'];Not_Hate
hambali593;Bubarkan partai perusak;['None'];Not_Hate
kechenk_farm4;Buk megang sapunya kok gitu;['None'];Not_Hate
torro_poy74;Buka mata buka telinga jangan tutup mata tutup telinga Prabowo masih menggema;['None'];Not_Hate
muslimindonesiajaya;Buka semua rekaman cctv pemprov DKI biar pada nggleper semua;['None'];Not_Hate
daeng_ady72;Bukan Gagal tp ga mau;['None'];Not_Hate
naufalrn_;Bukan Urusan saya;['None'];Not_Hate
gilangpranjuni;Bukan cina nya yg salah tapi manusia nya yg salah banyak cina muslim dan baik stop rasis;['None'];Not_Hate
selvironny;Bukan gagap memang ga bs sama sekali;['None'];Not_Hate
eriza_dragneel;Bukan lupa tpi gatau;['None'];Not_Hate
sulaiman_sastrodihadjo;Bukan marah kok cuman si itu tangkap si itu tangkap cuma itu;['None'];Not_Hate
prjont;Bukan ujaran kebencian bukan hoax tapi faktanya Presiden Dunia yg GAGAL memimpin negara nya Presiden Venezuela Nicolas Maduro Mantan Presiden Zambia Yahya Jammeh Mantan Presiden Zimbabwe Robert Mugabe ki joko bodho presiden dunia ghoib N_Target meski anda mau jungkir balik nyusun kabinet spt apapun yg anda inginkan negeri ini akn ttp kocar kacir dgn pertumbuhan ekonomi tdk lbh dr tau kenapa krn sebuah kapal akan tenggelam jika pengemudinya bukan seorang nakhoda;['jokowi'];Not_Hate
rizki_gent;Bukan urusan saya;['None'];Not_Hate
yan.kurnianto;Bukan urusan sy Bangga dg kecurangan kebusukkan ke boongan sehingga pendhzoliman pd rakyatpun mengikuti menjadi periode Biar rakyat semakin tahu semakin cerdas paham akan pilihannya;['None'];Not_Hate
west_z25;Bukan urusan sya;['None'];Not_Hate
hampir.ompong;Bukankah suara N_Target di papua tapi kok terjadi sebaliknya;['jokowi'];Not_Hate
saidah_humairo;Bukannya ga menghormati tapi sama punya prinsip;['None'];Not_Hate
rubyriswanto;Bukannya kasih kajian malah ngasih lelucon astagfirullah perasaan kemaren ga ko koar sekarang dah punya panggung mulai keliatan aslinya;['None'];Not_Hate
nanabehind;Bukannya memang menghina agama Kristen ya;['None'];Not_Hate
dadangazzam;Bukannya presiden kita skrg melakukan yang disebutkan juga bro Jgn selalu menyalahkan presiden dukung dan doakan bro yg mimpin negeri ini;['None'];Not_Hate
famakenz;Bukannya sudah dimenangkan ya;['None'];Not_Hate
nanda_busana;Bukanya bersatu;['None'];Not_Hate
sur7570;Bukti di setir tanpa pemikiran sendiri;['None'];Not_Hate
handi.purwanto;Bunuh yok;['None'];Not_Hate
harso_jamus;Buriikkk sini dong nungging sini biar abang jejek;['None'];Not_Hate
dhanie_lr;Busehhhh video sama backsound nya serem min;['None'];Not_Hate
jaybtn22;Busuk;['None'];Not_Hate
aleale4921;Bwahahahahaaaaaaa;['None'];Not_Hate
maya_antara;C na lg iiiii;['None'];Not_Hate
sitirahmatika17;CERDAS BERWIBAWA KEREEEN DEH PK ANIS;['None'];Not_Hate
jhunita.at;CERDASSSS;['None'];Not_Hate
adistwn18;CIE KEMAREN N_Target ketmu bapak N_Target yasik;['prabowo', 'jokowi'];Not_Hate
herupasticrue;CINA;['None'];Not_Hate
di_an_dra123;COBA PEMIRSAH BOLEHKAH KITA SALING HUJAT KATANYA INI ORANG USTAD TP KO MENGHUJAT SAUDARA MUSLIM YG LAIN APAKAH DIBENARKAN OLEH ALLOH YG KAYA BGITU JADI RAGU DGN GELAR USTAD NYABUKANKAH SESAMA MUSLIM KITA BERSAUDARA;['None'];Not_Hate
uci9139;CURAAAAAAANG;['None'];Not_Hate
peraza3168;Cabron;['None'];Not_Hate
okieeputra;Cakarcakaran amazing;['None'];Not_Hate
yetty.yb;Cakeeep dach;['None'];Not_Hate
nendah_sutan;Cakep;['None'];Not_Hate
windarwati_;Cakep keren mbak Sherly kena banget;['None'];Not_Hate
sesamaulida;Cakep ngt dah ah;['None'];Not_Hate
verryroli;Cakeppp;['None'];Not_Hate
ka_sur007_shop;Calon pemimpin;['None'];Not_Hate
fachrulhadi;Calon pilpres;['None'];Not_Hate
syofyanali;Calon presiden;['None'];Not_Hate
soorajalshahed;Calon presiden yang ideal;['None'];Not_Hate
ciptosatu;Campakkan kelaut aja tu orang;['None'];Not_Hate
ar.diansyah7933;Cangkemmu gus Ati;['None'];Not_Hate
syifaazzura413;Cantik bangett ibu yg pakai sepeda didepan ny ad keranjangg berhijab;['None'];Not_Hate
herikurniawan43;Cantik tapi dongo Kasian yang jadi laki nya Menanggung malu Punya bini bloon;['None'];Not_Hate
slv_esa23;Caper mo terkenal;['None'];Not_Hate
sapta_jayapura;Capres;['None'];Not_Hate
fiansofian8543;Caprukb;['None'];Not_Hate
a911official;Caption nya freeport tapi di video nya tentang LNG sorong Hoax macam apa ini banyak juga yang percaya hanya dari caption tanpa lihat video utuh;['None'];Not_Hate
_sofyantaufik;Cara bicara ny kayak obama;['None'];Not_Hate
muhammadsyafiqalamin;Cara mendapatkan rumah dp gimana min;['None'];Not_Hate
retno9009;Cara menghentikan korupsi Stop dibodohi;['None'];Not_Hate
rodiyahsyaifudin;Cara terkenal itu bermacam cara salah satunya dg cara norak;['None'];Not_Hate
rudi_wiyono;Cari mati ni orang;['None'];Not_Hate
novannbanyoll;Cba dh min liat di fb bnyk bngt jlk in UAS;['None'];Not_Hate
riyan_chungit;Cc N_Target;['ndorobeii'];Not_Hate
dimasep23;Cc N_Target N_Target N_Target iji tag komandan;['suryoprabowo2011', 'indah', 'infokomando'];Not_Hate
putra_yudhapratama;Ceburin ke got;['None'];Not_Hate
wisnudewanto90s;Ceburin sapiteng;['None'];Not_Hate
arum.fatimah.96;Ceceb tuh bang anies kakenya pahlawan bangsa;['None'];Not_Hate
dewi_daftar_paytren;Cek Bio kita ya Kak;['None'];Not_Hate
fauzan_bookstore;Cek profil kita kak;['None'];Not_Hate
satriadumers;Cekek terus rakyat;['None'];Not_Hate
lhkws;Cekrek cekrek chess;['None'];Not_Hate
mbok_fanny0184;Cemen;['None'];Not_Hate
kureydoank;Centang nu kieumah;['None'];Not_Hate
johankago;Cepat kali naik dari pratu k kopral Haha;['None'];Not_Hate
sidqia_1712;Cepatlah datang;['None'];Not_Hate
hendrakoswara94;Cerdaaas;['None'];Not_Hate
herumurtado;Cerdas;['None'];Not_Hate
abdularohman84;Cerdas amanah fatonah;['None'];Not_Hate
dharzana;Cerdas berwibawa dan merakyat;['None'];Not_Hate
hentylatifani;Cerdas berwibawa ikhlas;['None'];Not_Hate
aliehambali;Cerdas dan berakhlak mulia;['None'];Not_Hate
lidiandiyanto;Cerdas kaya aku;['None'];Not_Hate
kusmoriyanto;Cerdas lugas dipercaya;['None'];Not_Hate
winarekawati;Cerdas pemimpin guanteng;['None'];Not_Hate
gerimis_freshmilk_kasembon;Cerdas tegas berwibawa;['None'];Not_Hate
cowboy_vintage_store;Cerminan para pemimpin bisa dilihat dari kejadian yg ada di negara itu sendiri;['None'];Not_Hate
aang51274;China;['None'];Not_Hate
dimassallem;China boleh kuasai tapi jangan sampai negara kita di pegang China;['None'];Not_Hate
omojak;Chinaaaaaa oh noooo;['None'];Not_Hate
herumurtado;Cie cie cie duda bertemu janda nasional;['None'];Not_Hate
teguh_albean;Ciina blunder;['None'];Not_Hate
arie.np;Ciledug dong Ciledug lebih deket ke jakarta nih soalnya malah ngerasa kaya bukan orang tangerang;['None'];Not_Hate
rosiahmadi;Cina;['None'];Not_Hate
ikyewa;Cina lagi Cina lagii;['None'];Not_Hate
s_boangm;Cina lagi cina lagi;['None'];Not_Hate
soedirmansaid;Cina lagi deh;['None'];Not_Hate
wiranata562;Cina lg cina lagi;['None'];Not_Hate
edisyahputr4;Cina mah bebas dibawah pemerintahan jae;['None'];Not_Hate
ahmadzainuddin279;Cina meraja Lela;['None'];Not_Hate
jumilahhanny;Cina sekarang makin berani kalau salah sll dibela maka nya mereka berani;['None'];Not_Hate
salamrudy15;Cina semakin di depan;['None'];Not_Hate
septian_adi05;Cina tengil;['None'];Not_Hate
farid_syahzikri;Cina yaa;['None'];Not_Hate
chrollo.lucilfeer;Cinaaaaaaaa;['None'];Not_Hate
cak_stiker;Cino a iku;['None'];Not_Hate
